Month,Day,avg5y_pm25,avg5y_pm10,avg5y_o3,avg5y_no2,avg5y_so2,avg5y_co,avg3y_pm25,avg3y_pm10,avg3y_o3,avg3y_no2,avg3y_so2,avg3y_co,2020_pm25,2020_pm10,2020_o3,2020_no2,2020_so2,2020_co,avg5d_2017_pm25,avg5d_2017_pm10,avg5d_2017_o3,avg5d_2017_no2,avg5d_2017_so2,avg5d_2017_co,avg5d_2018_pm25,avg5d_2018_pm10,avg5d_2018_o3,avg5d_2018_no2,avg5d_2018_so2,avg5d_2018_co,avg5d_2019_pm25,avg5d_2019_pm10,avg5d_2019_o3,avg5d_2019_no2,avg5d_2019_so2,avg5d_2019_co,avg5d_2020_pm25,avg5d_2020_pm10,avg5d_2020_o3,avg5d_2020_no2,avg5d_2020_so2,avg5d_2020_co,avg3y_avg5d_pm25,avg3y_avg5d_pm10,avg3y_avg5d_o3,avg3y_avg5d_no2,avg3y_avg5d_so2,avg3y_avg5d_co
1,1,34.6,17.2,14.6,6,1.4,3.8,30,19.66666667,18,8,1.666666667,5.333333333,35,27,13,0,1,4,23.8,37,20.8,14.4,8,2,32.6,19.2,11.8,11.8,1.6,4.2,53,26,29.5,#DIV/0!,3,5.75,46.75,28.75,15.75,#DIV/0!,1.25,3.666666667,36.46666667,27.4,20.7,#DIV/0!,4.2,3.983333333
1,2,44.25,26.75,19,9.25,1.5,5.75,40.33333333,25,18.33333333,8.666666667,2,6.666666667,40,31,14,0,1,0,38.4,21.6,14.4,8,2,5.75,31.4,19.8,11.8,13.2,1.6,4.6,52.5,27.25,31.25,#DIV/0!,2.5,6,45.75,29,15.5,#DIV/0!,1,3.5,40.76666667,22.88333333,19.15,#DIV/0!,2.033333333,5.45
1,3,39.8,21.6,18.4,7.8,2,4,48.66666667,22.33333333,17.66666667,7,2,5,44,29,16,0,1,0,35.6,18.6,13.4,7.8,2,5.75,31.8,19.8,11.4,14.2,1.6,4.8,54.5,27.75,32,#DIV/0!,2,6,43,27.75,15,#DIV/0!,1,3.5,40.63333333,22.05,18.93333333,#DIV/0!,1.866666667,5.516666667
1,4,38.4,22.2,18.4,8.4,2.6,4.6,38,24.66666667,18,7.666666667,2.666666667,5.666666667,42,29,19,0,1,4,33,18.8,13.6,8,2,5.5,30.4,17,11.4,15.4,2,4.8,53.75,29.8,32.4,#DIV/0!,2.2,6.2,40.25,28,15.8,#DIV/0!,1,3.666666667,39.05,21.86666667,19.13333333,#DIV/0!,2.066666667,5.5
1,5,46.4,23.2,15.8,10.4,2.6,5,51.33333333,25.66666667,16.33333333,11.66666667,3,6.666666667,41,28,15,0,1,5,32.4,18.4,11.2,8.4,2.2,5.6,32.8,19.6,10.4,17.4,2.4,5.4,59.8,32.4,31.4,#DIV/0!,2.2,6.6,40.4,28.8,15.4,#DIV/0!,1,4.333333333,41.66666667,23.46666667,17.66666667,#DIV/0!,2.266666667,5.866666667
1,6,46.6,23,16.4,9.6,5.2,8.2,53.33333333,25.66666667,18,8.333333333,7,12.33333333,36,19,13,0,1,4,35,18.6,13,8.4,4.6,5.8,41.2,22,12.6,17.6,3.4,5.2,62.8,33.4,27.4,#DIV/0!,2,10.8,40.6,27.2,15.4,#DIV/0!,1,4.333333333,46.33333333,24.66666667,17.66666667,#DIV/0!,3.333333333,7.266666667
1,7,41.8,21.8,13.8,9.8,5.8,3.8,45,24,14.66666667,9.666666667,7.666666667,5.333333333,25,21,14,0,2,0,37.2,20,15.6,8.4,7.8,5.6,44.2,21.2,12,18.2,4,5,60.4,32.2,23.2,#DIV/0!,2,10.4,37.6,25.2,15.4,#DIV/0!,1.2,4.333333333,47.26666667,24.46666667,16.93333333,#DIV/0!,4.6,7
1,8,40.2,22,15.2,8.8,4.2,3.8,44.66666667,24.33333333,18,9.333333333,5,5.333333333,30,28,15,0,2,4,40.6,21.4,16.8,9,9.4,6,42.8,21.2,13.6,19,4.4,4.8,56,32,20.6,#DIV/0!,1.75,10.4,34.8,25,15.2,#DIV/0!,1.4,4.25,46.46666667,24.86666667,17,#DIV/0!,5.183333333,7.066666667
1,9,41.2,22.2,13.8,8,3,4,46.66666667,24.33333333,12.33333333,8.333333333,3.333333333,4.666666667,44,29,11,0,2,4,44.4,23.4,17.6,9.4,10.2,6.2,45.4,20.8,12.8,19,4.4,4.8,54.8,30.2,17.2,#DIV/0!,1.25,9.6,35.2,25,13.6,#DIV/0!,1.6,4.25,48.2,24.8,15.86666667,#DIV/0!,5.283333333,6.866666667
1,10,39,21.4,12.2,7.2,2.2,4,42.66666667,21.66666667,12.33333333,6.666666667,2.333333333,4.666666667,40,27,16,0,2,5,48.2,24.6,17.6,8.8,10.4,6.2,44.2,18.6,11,16.6,4,4.6,47,28.8,16.6,#DIV/0!,1,8.6,35,24.8,13.8,#DIV/0!,1.8,4.25,46.46666667,24,15.06666667,#DIV/0!,5.133333333,6.466666667
1,11,40.4,22.2,14.6,5.8,2.4,4,39.33333333,21.66666667,15,6.333333333,2.666666667,5,46,30,27,0,2,4,48.8,25.2,16.8,8.6,8.8,6.2,36.8,16.2,9,15.6,3,4.8,45.4,28.2,17.6,#DIV/0!,1,4,37,27,16.6,#DIV/0!,2,4.25,43.66666667,23.2,14.46666667,#DIV/0!,4.266666667,5
1,12,39.8,22.8,15.6,6.8,2.6,3.2,38.66666667,22.66666667,14.66666667,8.333333333,2.666666667,3.666666667,53,32,20,0,2,5,50.2,26,16,9.6,6.4,6,31.6,14.8,8.8,13.8,2.2,5,45.4,28,18.6,#DIV/0!,1,3.75,42.6,29.2,17.8,#DIV/0!,2,4.4,42.4,22.93333333,14.46666667,#DIV/0!,3.2,4.916666667
1,13,42,24.4,16,7.6,4,6.8,45.33333333,26.33333333,16,9.333333333,4.666666667,9.333333333,47,28,16,0,2,4,53,28.2,15,11.4,7,5.6,29,13.8,9.2,12,1.75,5.2,45.6,28,18,#DIV/0!,1,7,46,29.2,18,#DIV/0!,2,4.4,42.53333333,23.33333333,14.06666667,#DIV/0!,3.25,5.933333333
1,14,43.8,24.8,16.2,8.8,5.4,4,47.33333333,26.66666667,18.66666667,6.666666667,6.666666667,4.666666667,41,28,17,0,1,3,56.8,29.6,15.6,11.4,9.6,5.4,24.4,13.4,11.6,11,1.333333333,5.2,46.8,28.4,18.8,#DIV/0!,1,7.25,45.4,29,19.2,#DIV/0!,1.8,4.2,42.66666667,23.8,15.33333333,#DIV/0!,3.977777778,5.95
1,15,42,23.8,17.2,11.2,3.6,4.6,42.33333333,22,18.66666667,7,2.666666667,4.666666667,47,35,15,0,1,3,57.6,28.8,16.8,11.4,9.8,5.4,22.4,14,14.2,11.2,1,5,47.8,28.8,18.8,#DIV/0!,1.4,7.5,46.8,30.6,19,#DIV/0!,1.6,3.8,42.6,23.86666667,16.6,#DIV/0!,4.066666667,5.966666667
1,16,47.2,25.8,16,10.6,2.8,4.2,42.33333333,24.66666667,15,9.333333333,3,4.666666667,72,45,14,0,1,3,55.4,29,17.2,12.6,10.2,5.6,25.8,16.6,15.8,11.8,1,4.6,48.4,27.8,16.8,#DIV/0!,1.4,7.5,52,33.6,16.4,#DIV/0!,1.4,3.6,43.2,24.46666667,16.6,#DIV/0!,4.2,5.9
1,17,42.2,24.2,15.2,12.4,2.8,4,40,22.66666667,13,8.666666667,2.666666667,4.333333333,76,35,12,0,1,3,55.4,27.8,16.6,12.2,10.4,5.8,29.6,19.6,17.2,12.4,1,4,45.4,26,15,#DIV/0!,1.4,6.8,56.6,34.2,14.8,#DIV/0!,1.2,3.2,43.46666667,24.46666667,16.26666667,#DIV/0!,4.266666667,5.533333333
1,18,44.2,27,16.2,8,3.2,4.4,39.33333333,25.33333333,15.66666667,8.666666667,2,5.333333333,50,26,15,0,1,3,51.4,25.4,16.6,10.6,8.2,6.2,32.6,21.6,16.8,13.6,2,3.8,42.8,25.8,15.2,#DIV/0!,1.6,4.2,57.2,33.8,14.6,#DIV/0!,1,3,42.26666667,24.26666667,16.2,#DIV/0!,3.933333333,4.733333333
1,19,48.8,28,14.8,8.2,3.4,3.8,46.33333333,26.66666667,14.33333333,10.33333333,2.666666667,4.333333333,46,29,12,0,1,4,47.4,23,13.8,11.4,5.4,6.8,37.6,23.8,17.8,15,2,3.8,41.2,26,14.4,#DIV/0!,1.6,4.25,58.2,34,13.6,#DIV/0!,1,3.2,42.06666667,24.26666667,15.33333333,#DIV/0!,3,4.95
1,20,49.4,28.4,14,6,7,12.2,45.66666667,27.33333333,14,7.333333333,6.666666667,18.33333333,53,25,9,0,1,3,45.6,23,11.6,11.6,7.6,6.8,41.4,26.4,18,15,2.666666667,3.8,41.2,26.6,13.6,#DIV/0!,1.25,14.5,59.4,32,12.4,#DIV/0!,1,3.2,42.73333333,25.33333333,14.4,#DIV/0!,3.838888889,8.366666667
1,21,42.6,25,16.2,6.4,5,4.2,39,22,15,6,2.666666667,4.666666667,48,32,12,0,1,3,44.8,20.2,10.4,9.8,6.6,6.6,40.4,26.6,18.6,14.8,3,4,41,27.6,14.2,#DIV/0!,1.25,14.5,54.6,29.4,12,#DIV/0!,1,3.2,42.06666667,24.8,14.4,#DIV/0!,3.616666667,8.366666667
1,22,45.4,25.4,14.6,7,3,8.4,33.33333333,23.33333333,13,6.333333333,1.333333333,12.33333333,50,28,15,0,1,4,39,18.8,8.6,8.8,5.6,6.8,40.4,26.4,17.2,14.4,2.6,4.4,42.8,29.6,17.4,#DIV/0!,1.25,19.75,49.4,28,12.6,#DIV/0!,1,3.4,40.73333333,24.93333333,14.4,#DIV/0!,3.15,10.31666667
1,23,40.2,26,17,6.6,2.6,5,36.33333333,24.66666667,14.66666667,7,1,6.666666667,42,26,17,0,1,3,34.8,17,6,7.8,5.4,7,40,25.4,16.6,14.4,2.4,4.6,45.6,32,20,#DIV/0!,1,20.25,47.8,28,13,#DIV/0!,1,3.4,40.13333333,24.8,14.2,#DIV/0!,2.933333333,10.61666667
1,24,42.2,29,18.6,7,2.6,4.6,40,25.33333333,15,7.333333333,1.666666667,5.666666667,46,30,23,0,1,3,30,14.8,6.2,6.6,4.6,6.6,37,24.4,15,13.8,2.6,4.6,49.6,34.4,21.8,#DIV/0!,1,17.4,47.8,28.2,15.2,#DIV/0!,1,3.2,38.86666667,24.53333333,14.33333333,#DIV/0!,2.733333333,9.533333333
1,25,52.8,30,15.8,7.6,2,4,41.66666667,26,14.33333333,7.333333333,2.333333333,4.666666667,51,32,25,0,1,3,26.2,13.8,6.6,5.6,1.8,6.4,35.6,23,12.6,14.8,2.6,4.6,52.4,36,24,#DIV/0!,1,9.4,47.4,29.6,18.4,#DIV/0!,1,3.2,38.06666667,24.26666667,14.4,#DIV/0!,1.8,6.8
1,26,51.4,29,17.2,6.8,1.4,4,44.33333333,25.66666667,16.66666667,6,0.666666667,4.666666667,55,28,18,0,1,3,25,15.4,6.8,5.6,1.4,6.4,36.8,22,12.2,14.8,2,4.6,55.6,37.6,25.2,#DIV/0!,1,9.4,48.8,28.8,19.6,#DIV/0!,1,3.2,39.13333333,25,14.73333333,#DIV/0!,1.466666667,6.8
1,27,46.2,26,14.8,7.8,2.2,4,42,25,15.33333333,4.666666667,1.333333333,4.666666667,38,27,17,0,1,3,28.4,17.4,8.6,5.4,1.4,6.2,36,21,13.8,14,2.2,4.4,58.2,37.6,23.2,#DIV/0!,1,5.2,46.4,28.6,20,#DIV/0!,1,3,40.86666667,25.33333333,15.2,#DIV/0!,1.533333333,5.266666667
1,28,42.6,25.8,12.2,8.8,3.8,9.2,41,26,14.33333333,6.333333333,1,13,40,23,14,0,1,4,31.4,19.2,10.6,5.6,1.4,5.6,36,22.2,13.6,13.4,2.2,4.4,58,35.4,21.2,#DIV/0!,1,9.6,46,28,19.4,#DIV/0!,1,3.2,41.8,25.6,15.13333333,#DIV/0!,1.533333333,6.533333333
1,29,41.6,22.8,15.2,8,3.8,4,39,23.33333333,16,6.333333333,2,5,32,20,19,0,1,4,34.4,21,10.8,5.6,1.4,5.6,35.8,21.6,15.4,12.8,2.4,4.4,54.6,33,19.8,#DIV/0!,1,9.2,43.2,26,18.6,#DIV/0!,1,3.4,41.6,25.2,15.33333333,#DIV/0!,1.6,6.4
1,30,37.2,21.8,16.8,7,4.2,3.2,38.33333333,22,18.33333333,5.333333333,2.333333333,4.333333333,29,20,20,0,1,4,35.8,21.4,10.4,5.8,1.4,5.6,35,20.6,19.4,11.4,2.4,4.4,52,31.2,18.6,#DIV/0!,1,9,38.8,23.6,17.6,#DIV/0!,1,3.6,40.93333333,24.4,16.13333333,#DIV/0!,1.6,6.333333333
1,31,37.8,24.6,14.4,5.6,4.6,3.2,40.33333333,26,15,4.333333333,1.666666667,4.666666667,39,24,23,0,1,4,36.4,21.6,10.8,6,1.6,5.4,34.2,21,18.8,10.2,2.6,4.6,49.8,30.8,17.8,#DIV/0!,1,9,35.6,22.8,18.6,#DIV/0!,1,3.8,40.13333333,24.46666667,15.8,#DIV/0!,1.733333333,6.333333333
2,1,39.6,25.8,13.6,7.2,4.4,3.8,45,27.33333333,15.33333333,5.666666667,2.666666667,4.333333333,34,29,22,0,1,5,37.2,22.4,11.8,6.8,2.2,5,35.8,21.2,16.8,10,2.4,4.8,49.2,31.2,18.8,#DIV/0!,1.2,9,34.8,23.2,19.6,#DIV/0!,1,4.2,40.73333333,24.93333333,15.8,#DIV/0!,1.933333333,6.266666667
2,2,47.6,26.6,15.4,5.4,4.4,3.4,51.66666667,26.66666667,17,4,4,3.666666667,55,33,23,0,1,5,43.8,24.2,12,7,3.6,4.4,36,20.8,18,8.4,2.4,4.8,48.8,30.2,19,#DIV/0!,1.6,4,37.8,25.2,21.4,#DIV/0!,1,4.4,42.86666667,25.06666667,16.33333333,#DIV/0!,2.533333333,4.4
2,3,45.8,30,15,6.2,3,3.8,48.33333333,35.33333333,20.33333333,4,2.666666667,4.333333333,51,30,26,0,1,5,45.4,24,13.6,7.4,4.2,3.8,40.2,29,19,6.6,2,4.8,48.6,29.4,19,#DIV/0!,2.2,4.2,41.6,27.2,22.8,#DIV/0!,1,4.6,44.73333333,27.46666667,17.2,#DIV/0!,2.8,4.266666667
2,4,43.8,29.6,16.4,5.8,2.8,4.2,49.33333333,33.66666667,20,4,3,5,46,34,21,0,1,5,46.4,23.8,15,7.6,4.8,3.4,45.6,36.6,18.8,5.6,1.333333333,4.8,48.8,29,18.8,#DIV/0!,2.8,5,45,30,23,#DIV/0!,1,4.8,46.93333333,29.8,17.53333333,#DIV/0!,2.977777778,4.4
2,5,46.2,26.8,17.6,5.6,3.2,2.8,48.33333333,28.66666667,22,4.333333333,3.333333333,2.666666667,51,33,21,0,0,0,46.8,22.8,15.6,7.4,5.6,3,50.4,40.8,21,5.8,1,4.6,48.4,27.4,20.2,#DIV/0!,3.2,5,47.4,31.8,22.6,#DIV/0!,1,5,48.53333333,30.33333333,18.93333333,#DIV/0!,3.266666667,4.2
2,6,44.2,27,20,7.4,2,3.8,46.33333333,28.66666667,20.33333333,8,2.333333333,5.333333333,44,31,20,0,0,0,44,20.6,15,8.2,5.2,2.75,54.4,44.4,24.6,6.4,1,4.6,48,26.8,20.2,#DIV/0!,3.4,5.8,49.4,32.2,22.2,#DIV/0!,1,5,48.8,30.6,19.93333333,#DIV/0!,3.2,4.383333333
2,7,49.4,31.4,21,6.4,1.8,3,50,29,21.66666667,7.666666667,2,2.666666667,43,37,20,0,0,4,37.8,19,15.8,10.2,4,3.25,58.4,47.2,26.8,6.6,1.333333333,4.5,49.2,27,20,#DIV/0!,3.2,5.8,47,33,21.6,#DIV/0!,1,4.666666667,48.46666667,31.06666667,20.86666667,#DIV/0!,2.844444444,4.516666667
2,8,57.8,33.4,22.8,7,3.8,3.8,57.33333333,32.66666667,27.33333333,8.666666667,5,3.666666667,45,29,13,0,0,5,40.2,20.8,18,12.4,5.4,4.25,60.8,43.8,29.2,7.2,1.5,4.333333333,49.8,27,19.6,#DIV/0!,2.8,5.6,45.8,32.8,19,#DIV/0!,1,4.666666667,50.26666667,30.53333333,22.26666667,#DIV/0!,3.233333333,4.727777778
2,9,64.4,24.6,17.4,4.4,5.6,3.4,68.66666667,31,25.33333333,6,9,4.333333333,34,16,18,0,0,5,45.8,21.6,20.2,13.2,8.8,4.75,66.6,41.4,30.6,7.6,1.6,4.333333333,50,27,19.2,#DIV/0!,2.6,4.8,43.4,29.2,18.4,#DIV/0!,1,4.666666667,54.13333333,30,23.33333333,#DIV/0!,4.333333333,4.627777778
2,10,53.8,23.6,18.8,3.2,1,2.2,57.66666667,33.33333333,28.33333333,3.666666667,1.333333333,3.666666667,23,20,10,0,2,5,49.2,24,21.2,13.4,7.8,4.2,68.8,41.8,33.8,7,1.8,4.666666667,50,27,18.8,#DIV/0!,2.2,4.8,37.8,26.6,16.2,#DIV/0!,2,4.75,56,30.93333333,24.6,#DIV/0!,3.933333333,4.555555556
2,11,55.8,25.8,17.2,3.6,1,2.8,62.66666667,35.33333333,25.66666667,4,1.333333333,3.666666667,32,23,17,0,1,5,53.6,27.6,22.8,12,7.4,4,74.4,42.4,35.4,6,2,4.666666667,49.8,26.8,18.8,#DIV/0!,1.8,4,35.4,25,15.6,#DIV/0!,1.5,4.8,59.26666667,32.26666667,25.66666667,#DIV/0!,3.733333333,4.222222222
2,12,55.8,26,13.2,3.6,0.8,4.8,57.66666667,35,19,4.666666667,1,7,35,32,16,0,1,5,58.4,30.2,23.4,10,8.75,4,75,43,33.8,6.2,2,4.5,49,27.2,18.2,#DIV/0!,1.6,6.6,33.8,24,14.8,#DIV/0!,1.333333333,5,60.8,33.46666667,25.13333333,#DIV/0!,4.116666667,5.033333333
2,13,52.4,25.2,12.8,3.8,0.8,2.4,53.66666667,35.33333333,17.66666667,4.666666667,1,3,44,34,18,0,1,5,59.2,32.6,21.6,7.4,8,2.5,72.8,41.8,29.8,6.4,2,4.6,48.2,27.6,18.2,#DIV/0!,1.4,6.4,33.6,25,15.8,#DIV/0!,1.25,5,60.06666667,34,23.2,#DIV/0!,3.8,4.5
2,14,55.6,36.6,17.8,4.4,1.8,6,56,38.66666667,18,4.666666667,1.333333333,7.666666667,41,35,29,0,2,0,58,33.6,19,6.8,1,1.75,66.8,43.8,28.2,6.2,2,4.8,47.8,29.2,18,#DIV/0!,1.2,8.8,35,28.8,18,#DIV/0!,1.4,5,57.53333333,35.53333333,21.73333333,#DIV/0!,1.4,5.116666667
2,15,55.4,31.4,20.6,5.2,2.6,2.6,53,33.33333333,22.66666667,6,2,3.666666667,49,32,37,0,3,6,54.2,33.8,18,7,1,1.75,66,42.2,26,7.4,2.4,4.8,49.6,30.6,17.8,#DIV/0!,1.4,8.8,40.2,31.2,23.4,#DIV/0!,1.6,5.25,56.6,35.53333333,20.6,#DIV/0!,1.6,5.116666667
2,16,59.8,32.8,18.6,4.6,2.8,3.2,62,34.66666667,21,4.666666667,2.666666667,5.333333333,48,29,20,0,4,5,53.8,34.2,17.4,7.6,1,1.5,65,40.6,24,7.2,3.2,5,50.6,31.4,17.6,#DIV/0!,1.6,9.8,43.4,32.4,24,#DIV/0!,2.2,5.25,56.46666667,35.4,19.66666667,#DIV/0!,1.933333333,5.433333333
2,17,57.2,31.6,18.4,4.6,2.8,2.6,57.66666667,32.66666667,21.66666667,4.333333333,1.666666667,2.333333333,27,20,11,0,1,0,52.2,34.4,16.4,7.6,1,1.6,65.8,39,25.4,7,3.2,5.25,51.4,31.4,18.8,#DIV/0!,2,7.4,41.8,30,23,#DIV/0!,2.2,5.333333333,56.46666667,34.93333333,20.2,#DIV/0!,2.066666667,4.75
2,18,56.8,27.4,15.2,4.6,2.6,6.2,62,32.33333333,18,4.333333333,2,7.666666667,27,31,17,0,2,5,49.8,33.4,16.6,7.4,1,1.8,71.6,38.8,25.6,7,3.2,5,53,30.8,18.6,#DIV/0!,2.6,10.2,38.4,29.4,22.8,#DIV/0!,2.4,5.333333333,58.13333333,34.33333333,20.26666667,#DIV/0!,2.266666667,5.666666667
2,19,44.6,25,14.8,5,1.6,7.4,56,30.33333333,16.33333333,5,1.666666667,9.333333333,46,32,21,0,1,5,49.6,34.8,16.8,7.4,1,1.75,72.2,34.4,24.6,7.2,3.2,4.75,52.6,28.8,18.4,#DIV/0!,2.8,11.8,39.4,28.8,21.2,#DIV/0!,2.2,5.25,58.13333333,32.66666667,19.93333333,#DIV/0!,2.333333333,6.1
2,20,47.2,28.2,15.6,4.6,1.6,6.6,51.33333333,30.33333333,15.33333333,5,1.333333333,8.666666667,38,30,15,0,1,5,51.6,34.2,15.4,7.8,2,1.75,70.2,34,22.2,6.2,3,4.25,51.6,28,17.8,#DIV/0!,2.8,15.2,37.2,28.4,16.8,#DIV/0!,1.8,5,57.8,32.06666667,18.46666667,#DIV/0!,2.6,7.066666667
2,21,48.4,26.8,17.2,4.6,1.8,3.4,50.33333333,28.33333333,19,4.333333333,1.666666667,3.666666667,37,33,18,0,2,4,49.2,31.6,14.8,7.6,2,2,65,32.6,21.6,6.2,2,3.75,52.2,28.2,17.8,#DIV/0!,2.6,14.4,35,29.2,16.4,#DIV/0!,1.4,4.75,55.46666667,30.8,18.06666667,#DIV/0!,2.2,6.716666667
2,22,46.4,26.4,14.2,6.6,2.4,2.2,50,28.33333333,15.33333333,7,2,2,40,37,20,0,2,4,47.8,29.4,14.8,9,2.333333333,2,61,31.8,17.6,6.4,1.75,3.8,53,28.6,18,#DIV/0!,2.4,16.75,37.6,32.6,18.2,#DIV/0!,1.6,4.6,53.93333333,29.93333333,16.8,#DIV/0!,2.161111111,7.516666667
2,23,48.8,27.6,13,7.8,2.8,11.6,53.66666667,30.66666667,15.66666667,7,3,17.66666667,43,33,16,0,2,5,49.6,28.8,12,11,3.25,2.25,54.8,30.6,15.8,6,1.5,4,52.4,29.4,21.2,#DIV/0!,2,23.75,40.8,33,18,#DIV/0!,1.6,4.6,52.26666667,29.6,16.33333333,#DIV/0!,2.25,10
2,24,51,24,14.4,6.6,2.8,2.4,52,25.33333333,15.66666667,5.666666667,3,2.333333333,44,41,20,0,2,6,50.2,26,11.6,11.6,3.8,2.4,50.6,29.8,14.4,5.8,1.25,4,53.6,30,22.6,#DIV/0!,1.8,23.66666667,40.4,34.8,17.8,#DIV/0!,1.8,4.8,51.46666667,28.6,16.2,#DIV/0!,2.283333333,10.02222222
2,25,46,29.4,15.4,5.2,2.2,2,48,30.33333333,15.33333333,4.666666667,1.333333333,2.333333333,48,35,18,0,2,0,49,25.4,12.8,11.2,4,2.6,49.8,30.2,13.6,6,1.25,4.2,53.6,30.2,22.2,#DIV/0!,1.6,25,42.4,35.8,18.4,#DIV/0!,2,4.75,50.8,28.6,16.2,#DIV/0!,2.283333333,10.6
2,26,52,28.8,15.6,3.8,2,10.6,54.33333333,29.33333333,14.66666667,3.666666667,1.333333333,16.66666667,39,29,19,0,0,0,50.8,24.2,12,10.8,4,2.6,50.8,32,12,6,1,4,53.2,30.2,22,#DIV/0!,1.6,45,42.8,35,18.6,#DIV/0!,2,5,51.6,28.8,15.33333333,#DIV/0!,2.2,17.2
2,27,49.8,29,15.6,4,2,4.2,49,31,15.66666667,4.666666667,1.666666667,5.333333333,38,35,15,0,0,7,48.6,24.2,11.2,9.4,3.8,2.6,53.4,32.6,14.2,6,1.25,4,52.2,31.2,20.8,#DIV/0!,1.4,33.33333333,42.4,34.6,17.6,#DIV/0!,2,6,51.4,29.33333333,15.4,#DIV/0!,2.15,13.31111111
2,28,50.8,28.2,13.8,4.6,2.2,3,55.33333333,30.66666667,14,5,2.333333333,3.333333333,42,36,23,0,3,6,47.4,22.4,11.6,8.2,3,2.4,54.2,33.2,15,6,1.75,3.8,53.6,32.4,18.6,#DIV/0!,1.4,19.66666667,42.2,35.2,19,#DIV/0!,2.333333333,6.333333333,51.73333333,29.33333333,15.06666667,#DIV/0!,2.05,8.622222222
2,29,51,30,10,6,1,3,55.33333333,30.66666667,14,5,2.333333333,3.333333333,50,31,23,0,3,6,41,21.4,12.2,7.2,2,2,55.2,33.4,15,6.4,2,4,54.8,33.2,20,#DIV/0!,1.4,16,43.4,33.2,19.6,#DIV/0!,2.666666667,6.333333333,50.33333333,29.33333333,15.73333333,#DIV/0!,1.8,7.333333333
3,1,42.6,24.8,16.4,5.2,2,5.6,45,25.33333333,19,4.666666667,1.666666667,3.666666667,41,26,17,0,3,4,40.6,23,11.6,6.8,1.6,1.8,55,32.6,14.8,6.6,2,4,55.4,33.8,23,#DIV/0!,4.4,14,42,31.4,19.4,#DIV/0!,3,5.75,50.33333333,29.8,16.46666667,#DIV/0!,2.666666667,6.6
3,2,46.6,30.8,16.4,4.6,5.4,3.6,48,32.66666667,19,4.333333333,6.333333333,4,34,24,10,0,3,4,41,24,10.8,7.4,1.6,2,53,31.6,16.2,7.2,2.4,4.4,57,34,25.4,#DIV/0!,7.2,6,41,30.4,17.6,#DIV/0!,3,5.4,50.33333333,29.86666667,17.46666667,#DIV/0!,3.733333333,4.133333333
3,3,53.8,30,16.2,5.8,6,4,54.33333333,29.66666667,19.66666667,5.666666667,6.666666667,4.333333333,44,23,20,0,3,0,45,26.4,12.2,7.2,1.4,2,51.2,30.4,15.4,6.4,2.6,4.4,59.6,33.8,29.2,#DIV/0!,8,5,42.2,28,18.6,#DIV/0!,3,5,51.93333333,30.2,18.93333333,#DIV/0!,4,3.8
3,4,53.8,30.6,20.6,3.8,4.4,3.6,57,32.66666667,23,3,3,3.666666667,41,25,13,0,3,5,48.8,28.8,14.6,7.2,1.4,2.2,48.2,29.8,15.8,6.8,2.4,4.4,62.2,34.4,28.8,#DIV/0!,9.2,5,42,25.8,16.6,#DIV/0!,3,4.75,53.06666667,31,19.73333333,#DIV/0!,4.333333333,3.866666667
3,5,57,31.8,17.4,5.4,3.6,3.4,61,34.66666667,18,5.666666667,4,3.666666667,50,28,16,0,3,5,56.6,32,16.6,8.4,2,2.6,50,29.8,14.8,6.4,2.8,4.2,62.4,33.8,27,#DIV/0!,9.2,4.8,42,25.2,15.2,#DIV/0!,3,4.5,56.33333333,31.86666667,19.46666667,#DIV/0!,4.666666667,3.866666667
3,6,58.8,28.2,16,5.2,3.6,2.6,61.33333333,29.66666667,17.66666667,6,3.333333333,3.666666667,48,28,14,0,3,4,62.8,32,19.8,8.2,3.2,2.6,47,27.8,13.6,5.8,3,4.4,63.8,34.2,25,#DIV/0!,6.8,4.6,43.4,25.6,14.6,#DIV/0!,3,4.5,57.86666667,31.33333333,19.46666667,#DIV/0!,4.333333333,3.866666667
3,7,52.2,27,17.2,4,4.6,3.6,55.66666667,30,19,3,4.666666667,4,39,30,21,0,4,4,65.2,33.4,25,7.8,3.2,2.2,45.6,27.4,12.4,5,2.8,4.2,66.6,34.4,24.2,#DIV/0!,4.4,4.6,44.4,26.8,16.8,#DIV/0!,3.2,4.5,59.13333333,31.73333333,20.53333333,#DIV/0!,3.466666667,3.666666667
3,8,54.4,27.4,19.8,4.4,2.8,3.2,60.66666667,31.66666667,25,3.666666667,2.333333333,3.333333333,40,34,39,0,5,4,68.8,33,26.4,7.6,3.4,2.25,45.4,28.2,12,5,2.6,4.2,65.6,32.6,20.2,#DIV/0!,4,4.4,43.6,29,20.6,#DIV/0!,3.6,4.4,59.93333333,31.26666667,19.53333333,#DIV/0!,3.333333333,3.616666667
3,9,54.2,27.4,15.6,4.4,3,2.8,61,30.33333333,18,2.666666667,2.333333333,2.666666667,62,35,27,0,4,4,67.4,33.2,27,7.4,3.4,2,47,30,13,4.2,2.6,4.2,60.2,29.6,19.2,#DIV/0!,3.4,4.8,47.8,31,23.4,#DIV/0!,3.8,4.2,58.2,30.93333333,19.73333333,#DIV/0!,3.133333333,3.666666667
3,10,50.8,29,15.6,4.4,3.2,3.6,52.33333333,33,19,4,3,4,54,34,30,0,3,5,67,33.2,27.8,7.6,3.2,1.75,47.8,32.2,14.8,4,2,4.4,58.2,30,18.6,#DIV/0!,3.6,5.6,48.6,32.2,26.2,#DIV/0!,3.8,4.2,57.66666667,31.8,20.4,#DIV/0!,2.933333333,3.916666667
3,11,51.8,29.2,18.2,5.6,2.6,4,58.66666667,34,21,6,2.333333333,5,61,39,26,0,3,5,67.2,35.4,28.8,9.2,4.6,2,52.6,35.4,17,4.2,1.6,4.25,58,29.2,18.4,#DIV/0!,3.6,5.8,51.2,34.4,28.6,#DIV/0!,3.8,4.4,59.26666667,33.33333333,21.4,#DIV/0!,3.266666667,4.016666667
3,12,57.6,32.6,21.2,5.8,5.2,3,63.66666667,37.66666667,24,6,6.333333333,3,57,29,15,0,3,4,73.2,38.2,27.2,10.4,6.2,2.25,55,37.2,18.4,4.4,1.4,4.25,56,29,17.6,#DIV/0!,3.4,5.8,54.8,34.2,27.4,#DIV/0!,3.6,4.4,61.4,34.8,21.06666667,#DIV/0!,3.666666667,4.1
3,13,62.6,33.4,20.8,6.4,4.6,3.4,71.33333333,39,23.33333333,6,4.333333333,3.666666667,41,24,19,0,2,4,73.8,38.8,30.6,14.4,9.2,2.4,56.6,38,20.4,5.2,1.4,4,55.2,30.6,19.4,#DIV/0!,3,6,55,32.2,23.4,#DIV/0!,3,4.4,61.86666667,35.8,23.46666667,#DIV/0!,4.533333333,4.133333333
3,14,56.6,30.2,24.8,8.6,6.8,3.2,63.33333333,35.33333333,30,10.66666667,6.666666667,3.666666667,36,23,18,0,2,0,79.4,40.2,31.4,14.4,11.6,2.4,58,37.2,20.2,5.6,1.8,4,58,31.8,21.8,#DIV/0!,2.4,5.8,49.8,29.8,21.6,#DIV/0!,2.6,4.5,65.13333333,36.4,24.46666667,#DIV/0!,5.266666667,4.066666667
3,15,59.6,31.8,21.8,6,6,3.4,68.66666667,36,24,4.666666667,6.666666667,3.666666667,36,21,16,0,3,0,78.2,41,29.2,15.4,11.8,2.6,57,35.8,21.2,5.4,2,3.5,59.2,31.6,25.6,#DIV/0!,2.2,5.25,46.2,27.2,18.8,#DIV/0!,2.6,4.333333333,64.8,36.13333333,25.33333333,#DIV/0!,5.333333333,3.783333333
3,16,56.8,30.8,22.2,6.6,2.8,2.6,57,32.66666667,25.33333333,7.333333333,2.666666667,2,37,28,20,0,2,4,79.8,39.8,27.8,14.6,9.8,2.4,55,33.8,21.6,5.4,2.2,3.5,59.6,33.2,27,#DIV/0!,1.8,5.25,41.4,25,17.6,#DIV/0!,2.4,4,64.8,35.6,25.46666667,#DIV/0!,4.6,3.716666667
3,17,62.6,32.8,23.4,4.8,2.8,3,63.66666667,35,24.66666667,4.666666667,2.666666667,2.666666667,48,31,17,0,3,5,77.2,38,27,14.6,8.4,2.4,51.8,31.6,21.2,5.8,2.4,3.5,61,34.6,26.8,#DIV/0!,1.8,5.5,39.6,25.4,18,#DIV/0!,2.4,4.333333333,63.33333333,34.73333333,25,#DIV/0!,4.2,3.8
3,18,62.8,33,22,6,3.2,3.8,64,34.66666667,21,6.666666667,2.333333333,4,53,27,22,0,3,0,78.2,37.2,22,11.6,5.6,2.2,50,30.8,20,6,2.6,3.75,63.6,35.2,26,#DIV/0!,1.8,6,42,26,18.6,#DIV/0!,2.6,4.5,63.93333333,34.4,22.66666667,#DIV/0!,3.333333333,3.983333333
3,19,66,34,22.4,5.4,2.8,4.2,66.33333333,33.66666667,18.33333333,6,2.333333333,4.333333333,48,24,26,0,3,0,70,33.8,23,12.6,3.2,2.4,48.8,31.6,20.8,7,2.6,4,64.6,35.6,26.8,#DIV/0!,1.8,6,44.4,26.2,20.2,#DIV/0!,2.8,4.5,61.13333333,33.66666667,23.53333333,#DIV/0!,2.533333333,4.133333333
3,20,67.2,34.8,26.8,7.8,3.6,4,54.66666667,32.33333333,28.33333333,8,2.666666667,4.333333333,36,21,22,0,2,5,70.2,32.2,22.2,10.8,3,2.4,52.2,31.8,20.6,7.4,2.8,4.25,63.6,36.2,25.2,#DIV/0!,1.8,6,44.4,26.2,21.4,#DIV/0!,2.6,4.666666667,62,33.4,22.66666667,#DIV/0!,2.533333333,4.216666667
3,21,67.2,33.8,21.4,7.4,3.6,4.2,61.33333333,31.33333333,21,5,2.666666667,4.333333333,46,23,17,0,2,5,62.8,30.4,21.6,10.4,2.6,2.6,50.8,31.6,19.8,8,2.8,4.25,66.4,38,25,#DIV/0!,2,5.6,46.2,25.2,20.8,#DIV/0!,2.6,5,60,33.33333333,22.13333333,#DIV/0!,2.466666667,4.15
3,22,61.2,33.8,20.6,9.8,3.4,3.2,53.66666667,34.66666667,22,5,2.333333333,2.333333333,33,25,11,0,2,6,60.2,29.2,24,10.4,3.2,2.6,51,31.8,19.6,7.8,2.8,4.25,69.2,37,25.2,#DIV/0!,2,5.2,43.2,24,19.6,#DIV/0!,2.4,5.333333333,60.13333333,32.66666667,22.93333333,#DIV/0!,2.666666667,4.016666667
3,23,68.8,31.2,23.8,6,3.8,3.2,64.66666667,31.33333333,25,6.333333333,3.333333333,3.333333333,42,19,17,0,3,5,60.8,31.8,26.6,11,5,2.4,52.4,31.8,19.6,8,2.6,4,67.4,37.4,23.6,#DIV/0!,2,5,41,22.4,18.6,#DIV/0!,2.4,5.25,60.2,33.66666667,23.26666667,#DIV/0!,3.2,3.8
3,24,65.2,34.8,20.2,5.8,4.6,3,66.66666667,38.66666667,20,7.333333333,5,3.333333333,36,19,16,0,2,5,65.8,34.4,25.6,10,5,2.4,53,28.4,17.4,8,2.4,3.75,69.4,36.8,20.4,#DIV/0!,1.8,4.8,38.6,21.4,16.6,#DIV/0!,2.2,5.2,62.73333333,33.2,21.13333333,#DIV/0!,3.066666667,3.65
3,25,64,28.8,17,5.2,2.8,3.2,67.33333333,30,17.66666667,6.333333333,2,3.666666667,43,20,17,0,2,5,67.8,34.8,26.4,9.4,4.8,3,48,26.4,14.2,8.6,2.4,4.25,69.2,36,18,#DIV/0!,1.6,4.4,40,21.2,15.6,#DIV/0!,2.2,5.2,61.66666667,32.4,19.53333333,#DIV/0!,2.933333333,3.883333333
3,26,55.6,27.8,13.6,4.6,2.4,3.8,56,27.33333333,13,5,2,5.333333333,34,22,15,0,3,5,68.8,34.4,23,10.2,4.8,4,47.4,26.6,16.4,10.4,3,4.8,65.4,35,15,#DIV/0!,1.4,4.6,37.6,21,15.2,#DIV/0!,2.4,5.2,60.53333333,32,18.13333333,#DIV/0!,3.066666667,4.466666667
3,27,52.8,32.2,15,7,3.4,5.2,48,32.66666667,15,9.333333333,3,6.666666667,37,20,18,0,3,5,65.2,33.6,19.4,10.4,3.8,4.8,53.6,28.8,14,12.2,4,5.4,64,35.2,14,#DIV/0!,2.2,5,38.4,20,16.6,#DIV/0!,2.6,5,60.93333333,32.53333333,15.8,#DIV/0!,3.333333333,5.066666667
3,28,66,34.6,14.4,7.6,4.2,5,66.66666667,34,13.33333333,9.666666667,4.666666667,6.333333333,31,21,27,0,2,5,60,30.2,14.6,10.8,2.4,6,55.2,28.25,13,13,4.5,6,65.6,34,15,#DIV/0!,3.6,4.8,36.2,20.4,18.6,#DIV/0!,2.4,5,60.26666667,30.81666667,14.2,#DIV/0!,3.5,5.6
3,29,70.6,29,10.6,5,4.4,3.8,63.33333333,20.66666667,7.666666667,5,4.333333333,4,39,21,27,0,3,5,57,28,13.2,13.2,3.2,6.8,55.5,36.25,17.5,13.66666667,5,7,65,36.8,16.2,#DIV/0!,6.6,5.2,36.8,20.8,20.8,#DIV/0!,2.6,5,59.16666667,33.68333333,15.63333333,#DIV/0!,4.933333333,6.333333333
3,30,69.25,38.75,17,7.25,7.25,5,65,35.5,19.5,10,11,6.5,37,19,24,0,3,6,55.4,30.6,12.6,16.4,4.4,7,63.5,43.25,22.5,16,5,7.25,72.4,37.6,15.4,#DIV/0!,8.6,5.4,35.6,20.6,22.2,#DIV/0!,2.8,5.2,63.76666667,37.15,16.83333333,#DIV/0!,6,6.55
3,31,61.4,41,18,6.4,5.8,5.8,50,43.33333333,19.33333333,7.333333333,8,6.666666667,40,20,22,0,2,6,60.2,30.8,14.6,16.6,5.4,6.4,74,47.75,24,15,4.5,6.75,71.6,35,18.2,#DIV/0!,9.4,5.4,36.8,20.2,23.6,#DIV/0!,2.6,5.4,68.6,37.85,18.93333333,#DIV/0!,6.433333333,6.183333333
4,1,67,32.4,19.6,4.8,4.8,5,67.33333333,36,22,4,5.333333333,5.666666667,44,20,18,0,2,5,60.2,30.2,14.4,15.2,7.2,6,76.25,49.75,29.25,15,3.75,6.666666667,67.6,34.2,20,#DIV/0!,9,5.2,38.2,20.2,23.6,#DIV/0!,2.4,5.4,68.01666667,38.05,21.21666667,#DIV/0!,6.65,5.955555556
4,2,61,31.8,21.8,3.4,6.2,4.4,64,34.33333333,25.33333333,2.333333333,5.666666667,4.666666667,43,21,19,0,2,5,56.6,29,16.4,14.2,7.8,5.4,80.25,48,28,15,4.2,6,65,32.6,22.2,#DIV/0!,8.4,5.2,40.6,20.2,22,#DIV/0!,2.4,5.4,67.28333333,36.53333333,22.2,#DIV/0!,6.8,5.533333333
4,3,58.6,31.4,22.6,4.2,8.4,3.2,58.66666667,31.66666667,23.66666667,3.333333333,5.666666667,3,39,20,17,0,2,4,55.4,28.4,16,11.6,9.2,5,77.4,45,25.8,15,4.2,5.25,58.4,28.6,22.4,#DIV/0!,5.6,5,40.6,20,20,#DIV/0!,2.2,5.2,63.73333333,34,21.4,#DIV/0!,6.333333333,5.083333333
4,4,61.2,28.4,17.8,4.4,8.2,3.4,56.66666667,29.66666667,20.33333333,2.333333333,7,4.666666667,44,20,16,0,2,4,51.6,24.2,18.4,9,9.2,4.6,75.2,42.8,24.4,15,4.4,4.75,50.2,27.2,22.2,#DIV/0!,4.2,4.6,42,20.2,18.4,#DIV/0!,2,4.8,59,31.4,21.66666667,#DIV/0!,5.933333333,4.65
4,5,54.2,28.2,20.2,4.2,7.2,4.2,52,29,19.33333333,3,5.666666667,4.333333333,46,24,16,0,2,5,47.4,23,19.2,8.6,8.2,4.6,72,41,21.8,15,4.4,4.75,49.6,26.6,19,#DIV/0!,3.8,4.2,43.2,21,17.2,#DIV/0!,2,4.6,56.33333333,30.2,20,#DIV/0!,5.466666667,4.516666667
4,6,59.8,28.8,16.6,5,4.8,3.6,55.66666667,29.33333333,15.66666667,3.333333333,3.333333333,4.333333333,51,20,17,0,2,5,44.8,23.4,18,11,7.4,4.8,68.6,39,20.8,15,4.2,4.75,48.4,25.6,16,#DIV/0!,3.6,3.8,44.6,21,17,#DIV/0!,2,4.6,53.93333333,29.33333333,18.26666667,#DIV/0!,5.066666667,4.45
4,7,55.2,28.8,15.2,6.2,4.2,3,52.33333333,30.33333333,14,6.333333333,4,4.333333333,32,17,18,0,3,4,49.4,27,21.4,12.8,9,5.2,63.8,38.6,20,15,3.8,5,48,26.4,12.4,#DIV/0!,3,3.6,42.4,20.2,16.8,#DIV/0!,2.2,4.4,53.73333333,30.66666667,17.93333333,#DIV/0!,5.266666667,4.6
4,8,58.2,32.8,17,7.2,5.8,2.6,60,35.66666667,21.66666667,6.333333333,7,3.333333333,38,22,26,0,3,4,55.8,29.2,21,14.6,7.6,5.4,62.4,37.8,19.2,15,3.8,5.25,52.8,28.4,10.2,#DIV/0!,3,3.6,42.2,20.6,18.6,#DIV/0!,2.4,4.4,57,31.8,16.8,#DIV/0!,4.8,4.75
4,9,63.8,34.8,14.4,6,4.2,4,67.33333333,36,14.66666667,5.333333333,4,5.333333333,46,20,27,0,3,4,61.8,31.4,20.8,16,10,5.2,59.6,36.6,19.4,15,3.8,5.25,56.6,30.6,8.8,#DIV/0!,3,4.2,42.6,20.6,20.8,#DIV/0!,2.6,4.4,59.33333333,32.86666667,16.33333333,#DIV/0!,5.6,4.883333333
4,10,63.6,30.8,13.6,6.4,8.2,4.6,66,35,15.33333333,5.333333333,9.666666667,5.333333333,42,20,24,0,2,0,66.6,34.2,20.2,16.6,13,5,57.8,35.6,18.6,15,3.6,5.25,63,32.4,9.2,#DIV/0!,3.8,4.6,41.8,19.8,22.4,#DIV/0!,2.6,4.25,62.46666667,34.06666667,16,#DIV/0!,6.8,4.95
4,11,65.2,34.4,14,7,10.4,4.4,69.66666667,35,15.66666667,4.333333333,9.666666667,4.666666667,40,19,22,0,3,5,71.6,34.2,20.2,14.8,14.2,5,54.6,34.2,16.6,15,3.4,5.2,65.6,33.2,8.6,#DIV/0!,5.4,4.8,39.6,19.6,23.4,#DIV/0!,2.8,4.25,63.93333333,33.86666667,15.13333333,#DIV/0!,7.666666667,5
4,12,66.2,30.2,13,5.2,9.2,4,62,30,11.66666667,3.333333333,8.333333333,4.666666667,38,19,18,0,2,5,68.8,31.8,16.4,13.4,12.2,5.2,53.4,33.6,17.6,15,4,5.8,65.4,31.6,7.8,#DIV/0!,6.4,4.8,40.8,20,23.4,#DIV/0!,2.6,4.5,62.53333333,32.33333333,13.93333333,#DIV/0!,7.533333333,5.266666667
4,13,55.8,29.2,12.8,7.2,8,4.8,49.66666667,26.66666667,10.66666667,4,5,5.333333333,43,19,25,0,2,0,63.8,29.8,16,12.2,11.6,5.4,53.8,32,15.8,15,3.6,5.8,61.2,28.8,6.6,#DIV/0!,7.4,4.8,41.8,19.4,23.2,#DIV/0!,2.4,4.666666667,59.6,30.2,12.8,#DIV/0!,7.533333333,5.333333333
4,14,55.6,27.4,13.2,6,9.2,5.4,50,27,13.66666667,3.333333333,5.666666667,6.666666667,32,21,23,0,2,0,60.6,29.4,17.6,10.6,8,6,50.2,30.6,15.8,15,3.4,6.2,56,25.4,7,#DIV/0!,8,4.4,39,19.6,22.4,#DIV/0!,2.2,5,55.6,28.46666667,13.46666667,#DIV/0!,6.466666667,5.533333333
4,15,53.2,24.6,16.2,5.8,8.6,4.6,52.66666667,26,15.66666667,2.666666667,4,5.666666667,47,19,23,0,3,5,59,28.4,17.6,9.8,5.2,6.4,49.4,30,16.2,15,3.6,6,47.6,23.6,6.4,#DIV/0!,7.6,4.4,40,19.4,22.2,#DIV/0!,2.4,5,52,27.33333333,13.4,#DIV/0!,5.466666667,5.6
4,16,46.8,26,14.4,5.8,6.4,4.8,47,28,14.66666667,3,4,6,38,18,26,0,3,5,58.2,29.4,17.2,10.8,3.6,7,49.2,29.6,16.6,15,3.6,5.8,46.4,23.8,6.4,#DIV/0!,6.4,4.4,39.6,19.2,23,#DIV/0!,2.4,5,51.26666667,27.6,13.4,#DIV/0!,4.533333333,5.733333333
4,17,54.2,29,16.2,9.6,7,4.4,57.33333333,31,11.66666667,5,4,5.333333333,45,19,24,0,3,5,59.8,29.4,20.2,13.2,3.8,7.2,50.2,29,14.4,15,2.8,5,50,25.4,6.8,#DIV/0!,6,4.6,41,19.2,24.2,#DIV/0!,2.6,5,53.33333333,27.93333333,13.8,#DIV/0!,4.2,5.6
4,18,62.8,29.2,20.4,9.8,6.4,4.6,58,28.66666667,17,8,4.666666667,5.666666667,39,20,20,0,3,5,64.8,34.6,22.4,16.6,6.8,7.6,49,29.6,15.4,15,2.8,4.8,53.4,27.8,7,#DIV/0!,6.2,4.8,40.2,19.4,23.2,#DIV/0!,2.8,5,55.73333333,30.66666667,14.93333333,#DIV/0!,5.266666667,5.733333333
4,19,64.8,35.4,13.6,12.4,9.2,5.2,65.66666667,38.66666667,14,9,9.666666667,6.333333333,45,17,19,0,3,5,76.8,40.2,17,19.2,10,7.6,51.8,31,15.4,15,2.8,4.6,60.6,30,8,#DIV/0!,5.8,5.2,42.8,18.6,22.4,#DIV/0!,3,5,63.06666667,33.73333333,13.46666667,#DIV/0!,6.2,5.8
4,20,75.4,35.8,16.6,11,9,5,82.66666667,40,10,7,8.666666667,6,31,18,17,0,2,5,82.8,41.2,15.2,19.6,13.2,7.6,53,31.2,14.6,15,2.8,4.8,65.4,30,7.8,#DIV/0!,5.4,5.2,39.6,18.4,21.2,#DIV/0!,2.8,5,67.06666667,34.13333333,12.53333333,#DIV/0!,7.133333333,5.866666667
4,21,71,31.2,15.4,8,9.2,4.6,69.66666667,32,11.33333333,3.666666667,8.666666667,5.666666667,41,18,14,0,2,5,81.8,41.4,15.4,19.6,15,7.2,54.8,32.4,15.8,15,3.8,5.2,64,30.6,7,#DIV/0!,5.2,5.8,40.2,18.4,18.8,#DIV/0!,2.6,5,66.86666667,34.8,12.73333333,#DIV/0!,8,6.066666667
4,22,58.8,30.8,11.8,9.2,8.8,5,55.33333333,32.66666667,9.333333333,5,6.666666667,6,36,17,13,0,2,5,85.6,42.4,10.6,17.2,17.2,6.8,58,32.8,17.4,15,4.8,5.4,65.2,31,6.6,#DIV/0!,5.4,6.2,38.4,18,16.6,#DIV/0!,2.4,5,69.6,35.4,11.53333333,#DIV/0!,9.133333333,6.133333333
4,23,65.8,31.2,12,6.8,11.8,5.2,69.33333333,33,10.33333333,4,10.33333333,6.333333333,37,20,17,0,3,4,81,40.6,8,16.8,15.6,6.8,57.8,33.4,20.2,15,5.6,5.4,65.4,31,7.8,#DIV/0!,5.2,6.2,38,18,16,#DIV/0!,2.4,4.8,68.06666667,35,12,#DIV/0!,8.8,6.133333333
4,24,59.8,30,14.4,10.2,10.8,5.4,63.66666667,36.33333333,14.33333333,8.333333333,8.333333333,6.666666667,41,19,14,0,3,4,78.2,38.6,9.4,16.6,14.8,7,61.6,34.4,18.6,15,7,5.4,64.8,31.6,6,#DIV/0!,5.2,6.2,37.2,18.4,15,#DIV/0!,2.4,4.6,68.2,34.86666667,11.33333333,#DIV/0!,9,6.2
4,25,65.2,31.8,13.8,9,9,5.2,76.66666667,38.66666667,14,6.666666667,8.666666667,6.333333333,36,22,20,0,3,5,76.2,38.2,12.6,17.2,15.4,7,63,35,19.2,15,7.4,5.6,63.6,31,5,#DIV/0!,5.4,6,38.2,19.2,15.6,#DIV/0!,2.6,4.6,67.6,34.73333333,12.26666667,#DIV/0!,9.4,6.2
4,26,60.2,29,13.4,10.4,10.6,4.8,70.66666667,32,12.33333333,4.666666667,12.33333333,5.333333333,49,19,9,0,3,4,79.6,39,15.4,17.6,15.6,7,63.8,33.8,19.2,15,7,5.4,61,30.6,8,#DIV/0!,6.8,5.4,39.8,19.4,14.6,#DIV/0!,2.8,4.4,68.13333333,34.46666667,14.2,#DIV/0!,9.8,5.933333333
4,27,58.2,32.2,18.2,10.6,10.2,5,59,34.33333333,20,5.666666667,10,5.333333333,35,23,22,0,6,4,76.2,38.8,16.2,18.6,15.4,6.8,59.2,31.6,18,15,6.8,5.2,58.8,31.8,9,#DIV/0!,7.8,4.6,39.6,20.6,16.4,#DIV/0!,3.6,4.2,64.73333333,34.06666667,14.4,#DIV/0!,10,5.533333333
4,28,59.8,29.8,13.2,11.2,9,4.2,61.33333333,32.66666667,13.33333333,5.666666667,11,4.333333333,38,23,25,0,3,4,79.8,38.4,19.4,16.2,17.6,6.4,57.2,31.6,14.4,15,6.8,5.4,54.6,31.8,7.6,#DIV/0!,7.2,4.2,39.8,21.2,18,#DIV/0!,3.6,4.2,63.86666667,33.93333333,13.8,#DIV/0!,10.53333333,5.333333333
4,29,56.8,33,18,11.2,9.8,4.8,55,32,15.33333333,4.333333333,10.66666667,5,36,23,21,0,5,4,73,34.4,20.4,13.6,16.6,5.8,54.8,31,14.8,15,5.8,5.8,52.6,33.4,9.6,#DIV/0!,8.2,4.2,38.8,22,19.4,#DIV/0!,4,4.2,60.13333333,32.93333333,14.93333333,#DIV/0!,10.2,5.266666667
4,30,68.4,35,16.6,6,8.4,5.4,58.66666667,34.66666667,13,2.333333333,8.666666667,5.666666667,41,23,15,0,3,4,65,33.4,17.8,13.4,14.2,5.8,55.2,32.2,14.4,15,6.4,6.2,56.2,37.2,12.4,#DIV/0!,9.8,7.8,39.8,22.2,18.4,#DIV/0!,4,4,58.8,34.26666667,14.86666667,#DIV/0!,10.13333333,6.6
5,1,62.4,30.8,13,5.8,9.4,8.6,59.33333333,35.66666667,13.33333333,4.333333333,9.333333333,12,34,25,22,0,4,4,64.4,32.2,15.4,12.6,14.6,5.8,58.2,35.2,14.2,15,7.4,6.6,66.8,39.8,11.4,#DIV/0!,10,7.8,36.8,23.4,21,#DIV/0!,4.2,4,63.13333333,35.73333333,13.66666667,#DIV/0!,10.66666667,6.733333333
5,2,66.2,31.2,12.4,5.8,11.8,5,76.33333333,38.66666667,13.66666667,4.333333333,12,6,38,24,24,0,3,4,65.4,32.6,16,11.2,14.8,5.6,64.6,37.2,14.2,15,8.2,7,69.2,39,10.6,#DIV/0!,9.2,8.2,37.4,23.6,21.4,#DIV/0!,3.6,4,66.4,36.26666667,13.6,#DIV/0!,10.73333333,6.933333333
5,3,59.8,29.8,13,6.4,11.4,4.2,72,37,12.66666667,3.333333333,11.66666667,5.333333333,39,26,9,0,4,4,60.4,31.8,14.4,11,13.4,5,67.8,37,16,15,8.8,7,71.6,39.8,11.4,#DIV/0!,10,8.4,37.6,24.2,18.2,#DIV/0!,3.8,4,66.6,36.2,13.93333333,#DIV/0!,10.73333333,6.8
5,4,54.8,32.2,13.4,8.6,11,4.6,61.33333333,35.33333333,14,4,11,5,48,28,36,0,2,5,62.2,32.8,14,11.8,14.2,4.6,68.4,37,16.6,15,9.4,6.6,70,36.8,10.2,#DIV/0!,10,7.8,40,25.2,21.2,#DIV/0!,3.2,4.2,66.86666667,35.53333333,13.6,#DIV/0!,11.2,6.333333333
5,5,64.4,29.8,14,7.2,11,3.8,64.33333333,31,13.33333333,3.666666667,11,4,50,27,16,0,4,4,65.6,33.6,15.6,11.8,15.4,4.2,68.4,35.4,17,15,9.2,5.8,62.6,34.4,8.8,#DIV/0!,9.2,3.8,41.8,26,21.4,#DIV/0!,3.4,4.2,65.53333333,34.46666667,13.8,#DIV/0!,11.26666667,4.6
5,6,55.4,30.6,12,6.2,11.6,3.8,53.66666667,33,14.66666667,4.333333333,11,4,44,24,22,0,5,4,66.2,34,18.2,11.8,16.4,3.6,64.8,32.4,17.4,15,8.6,5.5,54.4,31.2,7,#DIV/0!,8.8,3.4,43.8,25.8,21.4,#DIV/0!,3.6,4.2,61.8,32.53333333,14.2,#DIV/0!,11.26666667,4.166666667
5,7,58.8,28.8,12.6,6.8,11.2,3.4,63.66666667,31.33333333,15.66666667,4.333333333,12.66666667,3,50,25,14,0,6,4,67.2,33,19.2,11.2,15.6,3,57.6,30.4,17.4,15,8,5.333333333,46.8,31,6.8,#DIV/0!,9.8,3,46.2,26,19.4,#DIV/0!,4.2,4.2,57.2,31.46666667,14.46666667,#DIV/0!,11.13333333,3.777777778
5,8,55.2,28,12.6,5.6,10.2,2.2,55,30,14.66666667,2.333333333,11,1.333333333,36,22,12,0,5,0,65.8,30.6,17,10.2,14.6,2.6,54.2,29.4,15.8,15,7.8,5,48,30.2,6.2,#DIV/0!,10.4,2.6,45.6,25.2,20,#DIV/0!,4.4,4.25,56,30.06666667,13,#DIV/0!,10.93333333,3.4
5,9,50.6,24.4,9.4,3.6,8.4,1.4,49,26.66666667,9.333333333,2.333333333,9.333333333,1.666666667,29,19,12,0,2,4,59.4,28.4,15.8,9.6,15.4,2.4,50.8,27.8,14.8,15,8.2,4,46.2,33.2,5.6,#DIV/0!,11.2,3.2,41.8,23.4,15.2,#DIV/0!,4.4,4,52.13333333,29.8,12.06666667,#DIV/0!,11.6,3.2
5,10,42.8,26.4,8.4,4.4,10.2,2.6,45,30.66666667,7.666666667,2.666666667,13.33333333,2.666666667,27,20,11,0,2,4,56.2,27.4,13.2,8.4,14.4,2.4,45.6,25.8,13.6,15,8.6,4,52.6,35.2,6,#DIV/0!,11.2,4,37.2,22,14.2,#DIV/0!,4,4,51.46666667,29.46666667,10.93333333,#DIV/0!,11.4,3.466666667
5,11,51,28.6,7.6,4.2,8.8,4,53.33333333,32,9.333333333,2.333333333,10,4.666666667,22,21,15,0,2,0,54,26.8,10.6,7.6,12.4,2.6,42.6,25,12,15,9.4,4.333333333,54.4,35.8,6,#DIV/0!,10.2,4.8,32.8,21.4,12.8,#DIV/0!,3.4,4,50.33333333,29.2,9.533333333,#DIV/0!,10.66666667,3.911111111
5,12,53,25.2,8,4.6,7.4,3.6,54.33333333,28,9.333333333,3,8.333333333,4.666666667,25,22,14,0,3,4,52.2,27,10.2,7.6,11.4,3.2,43.6,25,12.4,15,9.6,4.75,55.8,36.2,6.2,#DIV/0!,8.4,5.6,27.8,20.8,12.8,#DIV/0!,2.8,4,50.53333333,29.4,9.6,#DIV/0!,9.8,4.516666667
5,13,48.8,26.6,9.8,4.2,7.4,4.6,49.33333333,29.66666667,11.66666667,2.333333333,7.666666667,5.333333333,31,23,25,0,5,4,50.4,26.8,10,7.8,11,3.6,42.8,24,13.8,15,9.2,4.8,54.6,35.6,6.4,#DIV/0!,6.8,6,26.8,21,15.4,#DIV/0!,2.8,4,49.26666667,28.8,10.06666667,#DIV/0!,9,4.8
5,14,46.2,24.6,8.8,5,6.6,5,45.66666667,25.33333333,10,2.666666667,6.333333333,5,40,21,26,0,3,4,52.4,27.6,9.6,7.4,9.6,4,41.8,24.6,14.6,15,9,5.6,54.8,31.8,6.4,#DIV/0!,5,5.2,29,21.4,18.2,#DIV/0!,3,4,49.66666667,28,10.2,#DIV/0!,7.866666667,4.933333333
5,15,52,23,8.6,3.6,7.6,3.6,47.33333333,24,9.333333333,2,7.333333333,3.666666667,41,20,12,0,3,4,52.8,26.8,11.4,7.2,8.8,4,47.2,25.8,14.6,15,9.6,5.8,51.6,31.6,4.6,#DIV/0!,5.6,6.2,31.8,21.4,18.4,#DIV/0!,3.2,4,50.53333333,28.06666667,10.2,#DIV/0!,8,5.333333333
5,16,43.4,28,9.8,4.8,9.8,6.4,47,31.33333333,10.66666667,2,9.333333333,7.666666667,33,20,12,0,3,0,50.4,26,11,6.2,7.6,4,48.2,27.2,14,15,9.4,6.4,49.4,31.8,4.2,#DIV/0!,6.4,7,34,21.2,17.8,#DIV/0!,3.4,4,49.33333333,28.33333333,9.733333333,#DIV/0!,7.8,5.8
5,17,55.6,27.6,7.2,4,8.8,5.4,55.66666667,29,8,1.333333333,8.666666667,6.333333333,29,20,19,0,5,4,46.4,24.6,10,6.2,7,4,54.2,32.2,11.8,15,10.6,7.2,50.8,29.6,3.2,#DIV/0!,6.4,7,34.8,20.8,18.8,#DIV/0!,3.8,4,50.46666667,28.8,8.333333333,#DIV/0!,8,6.066666667
5,18,45,24.6,7.4,4.2,6.8,4,46.66666667,26,7.333333333,2.333333333,6.333333333,4,33,23,16,0,6,5,47.2,24.8,10.8,6,6.8,4,67.6,36.6,12,15,12.6,7.4,48.2,28.6,5.8,#DIV/0!,6.4,7,35.2,20.8,17,#DIV/0!,4,4.25,54.33333333,30,9.533333333,#DIV/0!,8.6,6.133333333
5,19,51.2,28.4,9.6,4.4,8.6,4.8,52.66666667,32.33333333,12,2.333333333,8,6.333333333,45,24,10,0,6,4,48,24.8,11.4,6.4,6,4.2,70,36.6,11,15,13.2,6.6,48.8,28.4,7.6,#DIV/0!,6,8.25,36.2,21.4,13.8,#DIV/0!,4.6,4.25,55.6,29.93333333,10,#DIV/0!,8.4,6.35
5,20,60,28.6,12.6,4,8.6,5,72,31,13.66666667,2.666666667,8.666666667,6,37,28,35,0,13,5,49.4,25.2,10.2,6.8,6.4,4.2,64,38.4,9.8,15,13.2,6.8,45.8,25.4,7.8,#DIV/0!,4,7.25,35.4,23,18.4,#DIV/0!,6.6,4.5,53.06666667,29.66666667,9.266666667,#DIV/0!,7.866666667,6.083333333
5,21,49,25,7.6,4,7.8,4.4,48.33333333,27,7.333333333,2.666666667,7.666666667,5,48,33,16,0,4,6,48,24,11,7.2,6.6,4,71,38.4,11.2,15,15,6,43.8,22.6,8.2,#DIV/0!,2.6,5.75,38.4,25.6,19.2,#DIV/0!,6.8,4.8,54.26666667,28.33333333,10.13333333,#DIV/0!,8.066666667,5.25
5,22,42.4,24,7.6,3.6,7.8,4,40,25.33333333,8,2,6.666666667,4.333333333,47,25,13,0,5,5,48.2,24.4,11,7.4,6.2,3.8,64.8,34.4,13,15,14,4.8,39.2,22,8.8,#DIV/0!,2.4,5.75,42,26.6,18,#DIV/0!,6.8,5,50.73333333,26.93333333,10.93333333,#DIV/0!,7.533333333,4.783333333
5,23,50.6,25.2,9.4,4,8,3,51,25.66666667,10.66666667,2.666666667,8.333333333,2.333333333,45,23,20,0,7,0,49.6,24.4,10.4,7.8,6,4,53,31.6,11.2,15,11.8,4.6,39.2,21.6,5.8,#DIV/0!,2.2,5.5,44.4,26.6,18.8,#DIV/0!,7,5,47.26666667,25.86666667,9.133333333,#DIV/0!,6.666666667,4.7
5,24,43.6,23.2,8,4,6,4,44.66666667,25,9,3,5.666666667,4.333333333,36,23,17,0,4,0,47.8,25.4,9.6,8.2,6.2,3.6,55.4,31.2,11,15,11.6,4.8,35.4,20.8,4.4,#DIV/0!,1.8,4.75,42.6,26.4,20.2,#DIV/0!,6.6,5.333333333,46.2,25.8,8.333333333,#DIV/0!,6.533333333,4.383333333
5,25,44,24,7,4,5.6,3.6,43,26.66666667,7,3.333333333,4.666666667,4,42,28,22,0,4,5,48.2,26.8,9.8,8.8,6.4,3.6,57.6,29,11.2,15,13,4.6,34,20.2,4.6,#DIV/0!,1.8,4,43.6,26.4,17.6,#DIV/0!,4.8,5.333333333,46.6,25.33333333,8.533333333,#DIV/0!,7.066666667,4.066666667
5,26,45.8,24.6,7,4.8,6.4,4,50.66666667,27.66666667,7.666666667,3.666666667,7.666666667,4.333333333,55,27,17,0,5,5,53.6,29.6,9.2,8.8,7,3.4,50.8,28,10.4,15,11.6,4.8,32,20.4,3.8,#DIV/0!,1.8,4.25,45,25.2,17.8,#DIV/0!,5,5,45.46666667,26,7.8,#DIV/0!,6.8,4.15
5,27,48,23.8,6.8,4.2,7.2,3.6,49.33333333,26.66666667,6,2,10,4,33,24,18,0,4,5,53.8,28,9.2,8.2,7.4,3.2,51.4,28,9.4,15,12.8,5,32.8,20.6,3.8,#DIV/0!,1.8,4.4,42.2,25,18.8,#DIV/0!,4.8,5,46,25.53333333,7.466666667,#DIV/0!,7.333333333,4.2
5,28,41.6,20,10.4,3,6.2,3.8,41.33333333,21.66666667,9.333333333,1.666666667,6.666666667,4,38,24,12,0,4,5,51.2,27.6,8.4,8.8,7.8,2.6,53,28,9.2,15,13.8,5.2,31.4,20.2,3.8,#DIV/0!,3.2,4.4,40.8,25.2,17.2,#DIV/0!,4.2,5,45.2,25.26666667,7.133333333,#DIV/0!,8.266666667,4.066666667
5,29,39.4,22.4,7.2,4.2,10.2,3.4,39,23.66666667,6,4,10.66666667,3.666666667,38,26,17,0,7,5,52,27.6,9,9.4,10.8,2.4,52,28.6,9.2,15,14.2,5.4,32.6,20.4,3.8,#DIV/0!,5.2,4.4,41.2,25.8,17.2,#DIV/0!,4.8,5,45.53333333,25.53333333,7.333333333,#DIV/0!,10.06666667,4.066666667
5,30,44.4,24.2,10.6,6.2,12.2,3.6,49,27,7.666666667,4.333333333,14.66666667,4,42,27,11,0,3,6,53,26.6,8.6,9.8,12,2,52.6,29.2,10.2,15,12.6,5.6,32.6,20,3.8,#DIV/0!,6.6,4.4,41.2,25.6,15,#DIV/0!,4.6,5.2,46.06666667,25.26666667,7.533333333,#DIV/0!,10.4,4
5,31,47.8,26.4,10.8,7.2,12,3.8,50.66666667,26.33333333,7,4.333333333,12.66666667,4,44,26,7,0,4,6,50,24.2,8.4,10,12.8,1.8,56,32.2,12.8,15,13,5.8,33.2,19.8,5.2,#DIV/0!,8,4.2,39,25.4,13,#DIV/0!,4.4,5.4,46.4,25.4,8.8,#DIV/0!,11.26666667,3.933333333
6,1,48.2,23,10.8,6.4,10.2,3.4,46.33333333,23.33333333,9.666666667,2.333333333,11,3.666666667,41,21,17,0,3,5,47.6,24.6,9,10.2,13,1.75,62.4,32.6,13.6,15,12.6,5.8,33.8,19.8,5,#DIV/0!,10,4,40.6,24.8,12.8,#DIV/0!,4.2,5.4,47.93333333,25.66666667,9.2,#DIV/0!,11.86666667,3.85
6,2,47.8,26.4,14,6.4,10.2,3.6,44,27.33333333,14.33333333,2,11,3.333333333,28,19,12,0,4,5,47.4,25.2,12.2,9,12.6,1.666666667,60.4,32.2,15,15,13,5.6,35.6,20.8,5.6,#DIV/0!,10.8,4.4,38.6,23.8,12.8,#DIV/0!,4.2,5.4,47.8,26.06666667,10.93333333,#DIV/0!,12.13333333,3.888888889
6,3,52.8,26.8,11.2,7.4,9.8,4,52.33333333,27,13.66666667,2,10.66666667,3.666666667,29,19,10,0,4,5,46.6,24.2,12.2,7.6,9.2,1.5,60.6,32.6,16.6,15,12.2,5.2,37.6,21.4,5.8,#DIV/0!,11,5.2,36.8,22.4,11.4,#DIV/0!,3.6,5.4,48.26666667,26.06666667,11.53333333,#DIV/0!,10.8,3.966666667
6,4,51.6,25.6,11.8,5.2,9.2,4.4,47.66666667,25.66666667,10.33333333,2,10,4.333333333,24,19,9,0,4,4,44.6,25,13,6.6,7.2,1,63.2,34.2,18.2,15,11.8,4.8,36.6,21.2,5.6,#DIV/0!,10.8,5.4,33.2,20.8,11,#DIV/0!,3.8,5,48.13333333,26.8,12.26666667,#DIV/0!,9.933333333,3.733333333
6,5,49.2,26,10.2,5.2,6.4,2.4,46,28,10.66666667,2.666666667,7.666666667,3,27,21,10,0,3,4,47.6,29,15.2,6.6,6,2,65.6,34,15.8,15,11.2,4.4,38,21.2,4.6,#DIV/0!,11,5.6,29.8,19.8,11.6,#DIV/0!,3.6,4.6,50.4,28.06666667,11.86666667,#DIV/0!,9.4,4
6,6,55,28.4,12.2,5,8,3.8,58,32.66666667,14.33333333,2.333333333,8.666666667,3.666666667,40,28,13,0,4,4,53.8,31.2,16,6.6,6,2,63.6,35.6,16.2,15,12,6.8,38.2,22.2,4.4,#DIV/0!,11.6,6.2,29.6,21.2,10.8,#DIV/0!,3.8,4.4,51.86666667,29.66666667,12.2,#DIV/0!,9.866666667,5
6,7,52.2,29.2,8.8,6.4,10.4,4,58.66666667,32.33333333,11.33333333,2,11,3.666666667,45,25,30,0,5,0,57.2,31.8,15.4,6.2,6.2,2,72.2,38.2,16.4,15,11,6.6,41,21.8,4,#DIV/0!,11.4,10.8,33,22.4,14.4,#DIV/0!,4,4.25,56.8,30.6,11.93333333,#DIV/0!,9.533333333,6.466666667
6,8,57,29.6,11,6,12.2,11.6,59.33333333,30,12.66666667,1.333333333,12,16,43,24,14,0,4,0,57.6,32.4,15.8,6.4,6.4,2,75.6,38.2,16.2,15,10.2,6.6,40.2,21.8,4,#DIV/0!,11.4,10.4,35.8,23.4,15.2,#DIV/0!,4,4,57.8,30.8,12,#DIV/0!,9.333333333,6.333333333
6,9,65.4,29.2,10.6,6.4,12.2,3.4,61.33333333,31,11.33333333,2.333333333,8.666666667,3.333333333,34,24,15,0,4,0,58.6,32,15.8,6.4,7.2,2.333333333,75,38,14.4,15,9.6,6.6,44.2,23,4.6,#DIV/0!,11.4,11.75,37.8,24.4,16.4,#DIV/0!,4,4,59.26666667,31,11.6,#DIV/0!,9.4,6.894444444
6,10,58,26,10.6,5.4,9.4,2.6,60,29.33333333,11.33333333,2.666666667,7.666666667,2.333333333,31,25,13,0,4,4,55,27.4,14.4,7.6,7.8,2.333333333,72.8,36.2,13.2,15,9,6.6,44.2,22.6,4.8,#DIV/0!,10.6,12.25,38.6,25.2,17,#DIV/0!,4.2,4,57.33333333,28.73333333,10.8,#DIV/0!,9.133333333,7.061111111
6,11,47,21,9.2,5.8,7.6,3.6,51,24,9.333333333,4.333333333,7.333333333,4.333333333,32,25,7,0,4,4,48.2,23.8,13.8,9,8.2,2.75,68.4,33.4,11.6,15,7.4,4.2,42.8,21,4.8,#DIV/0!,8.6,11.5,37,24.6,15.8,#DIV/0!,4.2,4,53.13333333,26.06666667,10.06666667,#DIV/0!,8.066666667,6.15
6,12,37.8,18.8,9.2,5.8,8.8,3.6,41.33333333,20.66666667,8.333333333,4.333333333,7.333333333,4,38,26,7,0,4,4,44,21.4,12.8,11,8.8,3.25,59,30.2,9.4,15,8,4.6,38.8,20.4,4.4,#DIV/0!,7.4,5.25,35.6,24.8,11.2,#DIV/0!,4,4,47.26666667,24,8.866666667,#DIV/0!,8.066666667,4.366666667
6,13,38.6,21.6,7.8,6.4,11.6,3.8,38.33333333,20.33333333,7.666666667,4.666666667,8.333333333,4.333333333,34,24,14,0,4,5,42.2,19.4,13.8,12,11.2,3.2,53.8,28.8,8.8,15,9.4,4.8,35.6,19.8,3.4,#DIV/0!,6.6,5,33.8,24.8,11.2,#DIV/0!,4,4.25,43.86666667,22.66666667,8.666666667,#DIV/0!,9.066666667,4.333333333
6,14,40.4,20.8,7.4,6.8,12,4,37.33333333,21.33333333,7.666666667,4,12.33333333,4.666666667,48,27,12,0,3,4,40,18.6,13.4,13.2,10.4,3.4,51.2,27.4,10.2,15,9.8,5,33.8,19.4,2.75,#DIV/0!,6.8,4.8,36.6,25.4,10.6,#DIV/0!,3.8,4.2,41.66666667,21.8,8.783333333,#DIV/0!,9,4.4
6,15,48,24,7.2,6.6,10.8,3.8,44.66666667,25,7.666666667,4.666666667,9,4.333333333,35,26,10,0,4,5,41.8,19.6,14,12.6,9.8,3.6,49.8,26.8,10,15,9.8,5,33.6,19.6,3.25,#DIV/0!,6.6,4.2,37.4,25.6,10,#DIV/0!,3.8,4.4,41.73333333,22,9.083333333,#DIV/0!,8.733333333,4.266666667
6,16,48.4,22.8,11.6,5.4,8.4,3,49.33333333,23.66666667,13.33333333,3.333333333,6.666666667,4,42,27,7,0,5,4,46.4,21.2,13.4,11.8,9.2,3.4,48.4,26.6,10.2,15,10.2,4.8,33.6,19.8,2.75,#DIV/0!,7,4.4,39.4,26,10,#DIV/0!,4,4.4,42.8,22.53333333,8.783333333,#DIV/0!,8.8,4.2
6,17,47,22.4,8.2,6.2,8.8,3.4,46.66666667,22.66666667,6.333333333,3,7,4,39,24,7,0,7,5,48,21.8,12.6,10.8,9.8,3.2,49,27.2,10.6,15,9.8,4.6,33.6,19.8,2.5,#DIV/0!,7.6,4.8,39.6,25.6,10,#DIV/0!,4.6,4.6,43.53333333,22.93333333,8.566666667,#DIV/0!,9.066666667,4.2
6,18,44.6,23,8.8,5.6,9.2,4,38.66666667,21,6.333333333,3,11,4.333333333,42,23,9,0,8,4,46.4,21.8,11.4,10.4,7.6,3.2,49.2,28.4,10,15,9.4,4.8,37.2,20,3.25,#DIV/0!,8,5.4,41.2,25.4,9,#DIV/0!,5.4,4.4,44.26666667,23.4,8.216666667,#DIV/0!,8.333333333,4.466666667
6,19,46.4,22.6,9.8,6,7.8,4.4,41.66666667,22.66666667,7.333333333,3.333333333,8.666666667,5.333333333,34,21,4,0,4,4,46,20.6,11.8,9.8,7.4,3,51.6,30.4,8.8,15,9.2,5.2,36,19.8,3.4,#DIV/0!,7.6,6,38.4,24.2,7.4,#DIV/0!,5.6,4.4,44.53333333,23.6,8,#DIV/0!,8.066666667,4.733333333
6,20,41.8,23.8,10.4,7,7.8,4.4,42.33333333,24.66666667,8.666666667,3.666666667,7.333333333,5.333333333,34,23,5,0,5,5,44.4,21.2,10.8,10,7.2,3.2,53,30,8.6,15,9.4,6,35.4,20,3,#DIV/0!,8.2,6.2,38.2,23.6,6.4,#DIV/0!,5.8,4.4,44.26666667,23.73333333,7.466666667,#DIV/0!,8.266666667,5.133333333
6,21,41,27.2,9.4,6.4,7.4,4.4,49.66666667,28.33333333,9,3.666666667,7,5.333333333,30,24,6,0,4,5,42,22.6,9.8,10.2,7.2,3.4,52.2,30,9.6,15,8.2,6.2,37.8,20.6,4,#DIV/0!,8.2,9.8,35.8,23,6.2,#DIV/0!,5.6,4.6,44,24.4,7.8,#DIV/0!,7.866666667,6.466666667
6,22,40.2,25.2,8.6,5.4,7.2,7.6,49,25.33333333,6,3.333333333,7.333333333,11.66666667,41,22,5,0,2,4,42,23.4,10.4,11.2,7.4,3.6,52.6,29,10.2,15,8.6,11,37.2,20.6,4.8,#DIV/0!,7.8,9.6,36.2,22.6,5.8,#DIV/0!,4.6,4.4,43.93333333,24.33333333,8.466666667,#DIV/0!,7.933333333,8.066666667
6,23,31.2,23.4,10.6,6.2,7.6,4.2,36.33333333,22.33333333,10.33333333,4.666666667,8.666666667,4.666666667,24,19,6,0,2,3,45,24.8,9.6,12.8,8.2,4,49.2,27.2,9.4,15,9.2,10.8,36.2,22.6,5.8,#DIV/0!,7.6,8.8,32.6,21.8,5.2,#DIV/0!,3.4,4.2,43.46666667,24.86666667,8.266666667,#DIV/0!,8.333333333,7.866666667
6,24,35.4,26.2,11.4,6.6,8.8,9,45.66666667,26.66666667,8.666666667,6,10.33333333,12.66666667,25,21,10,0,2,0,45,26,13,14.8,9.4,4.25,46.2,24,8,15,9.6,10.4,42.8,25,5.6,#DIV/0!,7.4,12.8,30.8,21.8,6.4,#DIV/0!,3,4.25,44.66666667,25,8.866666667,#DIV/0!,8.8,9.15
6,25,38.2,25.4,13.8,7.2,8.2,7,47.66666667,27.66666667,12.66666667,7,10,10.66666667,37,24,13,0,3,4,47.6,26.8,15,17,10.6,4.75,41,22.8,8.8,15,9.6,9.8,47.4,27.8,6,#DIV/0!,8,12.6,31.4,22,8,#DIV/0!,2.6,4,45.33333333,25.8,9.933333333,#DIV/0!,9.4,9.05
6,26,42,25.8,10.8,7.6,8.6,3.4,56.66666667,29,10.66666667,7.333333333,10.66666667,5,44,29,13,0,2,4,48.6,26.8,17.2,17.8,11.6,5.5,39.2,21.6,6.8,15,9.6,9.6,51.6,29,5.8,#DIV/0!,7.8,8.8,34.2,23,9.4,#DIV/0!,2.2,3.75,46.46666667,25.8,9.933333333,#DIV/0!,9.666666667,7.966666667
6,27,36.6,23,11.8,6.4,7.6,3.6,49,25.33333333,10.66666667,4.666666667,8.666666667,5.333333333,43,29,11,0,2,0,51.4,27.4,16.2,17.8,11.8,5.75,35.8,20.6,6.6,15,8.4,4.6,54.8,31.6,6,#DIV/0!,7.4,8.8,34.6,24.4,10.6,#DIV/0!,2.2,3.666666667,47.33333333,26.53333333,9.6,#DIV/0!,9.2,6.383333333
6,28,35.8,25.8,9.2,6.4,9.4,4.2,43.33333333,25.66666667,5.666666667,4.666666667,8.333333333,4.666666667,36,27,12,0,2,3,51,25.4,16.6,15.8,13.2,5.5,35.2,19.8,6.6,15,7,4.5,60.2,32,5.2,#DIV/0!,7,10,37,26,11.8,#DIV/0!,2.2,3.666666667,48.8,25.73333333,9.466666667,#DIV/0!,9.066666667,6.666666667
6,29,40.4,25.2,11.8,5.2,10.6,4.8,48.33333333,22.33333333,7.666666667,2.666666667,10,6,43,30,15,0,2,3,48.4,23.6,13.6,12.8,12.6,5.5,33,19.2,7,15,6.4,4.25,57,31,6.2,#DIV/0!,6.8,11.8,40.6,27.8,12.8,#DIV/0!,2.2,3.5,46.13333333,24.6,8.933333333,#DIV/0!,8.6,7.183333333
6,30,34,25.2,11.4,4,7.4,7.6,37,21.66666667,9.333333333,2,6.333333333,12,43,28,10,0,2,3,40.8,21.6,12,9.8,11.8,5,32,20,6.4,15,5.8,4,56.6,31.2,6.6,#DIV/0!,5.6,12,41.8,28.6,12.2,#DIV/0!,2,3.25,43.13333333,24.26666667,8.333333333,#DIV/0!,7.733333333,7
7,1,35,28.4,11.6,4,7.4,3.8,39.66666667,25,9.333333333,2.333333333,6.333333333,4.333333333,37,24,13,0,2,3,39,21,10.2,8.6,11.4,4.25,33.8,22.4,8.4,15,6,4,57,33.4,7,#DIV/0!,5.4,12,40.4,27.6,12.2,#DIV/0!,2,3,43.26666667,25.6,8.533333333,#DIV/0!,7.6,6.75
7,2,39,31.4,10.6,4,6.6,3.2,45,29.33333333,7.333333333,2.666666667,6.666666667,4,30,20,12,0,3,4,36.8,20.6,11.2,7.8,10.6,4,38.2,25.4,10.6,15,6.2,4,62.6,34.4,7.4,#DIV/0!,6.2,11.8,37.8,25.8,12.4,#DIV/0!,2.2,3.2,45.86666667,26.8,9.733333333,#DIV/0!,7.666666667,6.6
7,3,41.8,30.6,12.8,5.8,8.2,3.4,52,30.66666667,11.33333333,3.333333333,8.666666667,4,27,21,12,0,3,3,34.8,21.2,10.4,8.4,8.2,4,44.6,30,13.2,15,5.8,4.2,62.6,34,7.2,#DIV/0!,6.6,10.6,36,24.6,12.4,#DIV/0!,2.4,3.2,47.33333333,28.4,10.26666667,#DIV/0!,6.866666667,6.266666667
7,4,40.8,27.6,12.4,5.4,7.2,3.4,52.33333333,27.66666667,9.666666667,3.666666667,7,4,27,23,15,0,3,3,35.8,20.8,9.8,9,8,4,51.6,34.8,16,15,5.4,4.4,62.2,33.2,6.4,#DIV/0!,7.2,4.4,32.8,23.2,12.4,#DIV/0!,2.6,3.2,49.86666667,29.6,10.73333333,#DIV/0!,6.866666667,4.266666667
7,5,37.8,26.6,13.4,5.4,7,2.4,48.66666667,27.33333333,11.33333333,3,6.333333333,3.333333333,34,23,13,0,3,3,38,20.4,9.8,9.6,7.6,4,57,38.6,17.6,15,5,4.6,58.4,31.2,5.8,#DIV/0!,8,6.4,31,22.2,13,#DIV/0!,2.8,3.2,51.13333333,30.06666667,11.06666667,#DIV/0!,6.866666667,5
7,6,38.4,28.8,14,5.6,8.4,5,48.66666667,29,13,3.333333333,6.333333333,6.666666667,34,23,8,0,3,4,39.2,20.6,10.6,10.2,6.8,4.333333333,59.8,39.4,17.2,15,4.2,4.75,54,27.8,5.2,#DIV/0!,8.6,6.6,30.4,22,12,#DIV/0!,3,3.4,51,29.26666667,11,#DIV/0!,6.533333333,5.227777778
7,7,40.2,28.8,11.6,5.6,5.2,4,48.66666667,30.33333333,10.33333333,3.666666667,5.666666667,5,28,25,6,0,6,4,42.2,21.4,10.4,9.8,5.8,4.333333333,59.8,39.2,15,15,4.4,5.5,47.2,25.4,5,#DIV/0!,8.8,6.8,30,23,10.8,#DIV/0!,3.6,3.4,49.73333333,28.66666667,10.13333333,#DIV/0!,6.333333333,5.544444444
7,8,38.2,28.4,11.4,6.2,4.8,3,50.33333333,29.33333333,10,2.666666667,6,3,37,25,4,0,10,3,42.6,20.8,11.6,9.4,5.8,4.333333333,57,36.2,13.4,15,5.8,5.25,42.8,25.8,7.8,#DIV/0!,8.4,6.8,32,23.8,9.2,#DIV/0!,5,3.4,47.46666667,27.6,10.93333333,#DIV/0!,6.666666667,5.461111111
7,9,35.6,27.4,14.2,11.2,7,4.4,45.66666667,27,12.66666667,3,6.666666667,5,30,24,11,0,5,3,41.6,22,11.6,10,6.6,4,52,33.8,13,15,6.6,12,43.2,27.6,10.6,#DIV/0!,8,6.6,32.6,24,8.4,#DIV/0!,5.4,3.4,45.6,27.8,11.73333333,#DIV/0!,7.066666667,7.533333333
7,10,33,28.6,11.6,9.2,8.6,3.6,43,27.33333333,13.33333333,4,9.333333333,3.666666667,35,26,7,0,3,4,44,23.2,10.4,9.8,6.8,4,52,34.2,14,15,7,11.75,44.4,28.4,11.8,#DIV/0!,7.6,4.4,32.8,24.6,7.2,#DIV/0!,5.4,3.6,46.8,28.6,12.06666667,#DIV/0!,7.133333333,6.716666667
7,11,36.6,27,11.8,9.4,6.4,9,46.33333333,28.33333333,12.33333333,3,7.333333333,13.33333333,36,28,10,0,3,4,42.8,22.4,10.6,10,6.8,3.8,59,38.4,15.4,15,7.4,10.2,45.2,29,13.6,#DIV/0!,7.4,4.2,33.2,25.6,7.6,#DIV/0!,5.4,3.6,49,29.93333333,13.2,#DIV/0!,7.2,6.066666667
7,12,37.2,28.2,13.2,9.8,6.6,3.6,48,30.66666667,15.33333333,4,6,4,34,25,6,0,3,3,41.2,21.4,10.2,11.4,6.8,4,67,43.2,17.8,15,6.8,9.6,46.6,29.4,15.4,#DIV/0!,6.6,10.4,34.4,25.6,7.6,#DIV/0!,4.8,3.4,51.6,31.33333333,14.46666667,#DIV/0!,6.733333333,8
7,13,46.2,30.4,11.8,9,8,10,61.66666667,35.33333333,14.66666667,5,5.333333333,15,27,23,7,0,4,3,45.6,23.4,10.8,12,7.4,4,73.4,47.8,20,15,5.6,11,47.2,29.2,15.2,#DIV/0!,6.4,10.4,32.4,25.2,8.2,#DIV/0!,3.6,3.4,55.4,33.46666667,15.33333333,#DIV/0!,6.466666667,8.466666667
7,14,58.8,31.4,13.6,8.4,8,2.8,67.33333333,38,17.33333333,4,6.333333333,4,30,23,6,0,3,0,51.8,24.4,11.8,10.6,6.2,4,80.8,51.4,19.8,15,5,4,49.4,28.6,15.2,#DIV/0!,6.4,10.4,32.4,25,7.2,#DIV/0!,3.2,3.5,60.66666667,34.8,15.6,#DIV/0!,5.866666667,6.133333333
7,15,59,29.2,17.2,7.2,8.6,2.6,67.66666667,35.66666667,18.66666667,1.666666667,5.333333333,2.333333333,28,24,11,0,4,4,50.8,23,14.8,10.2,5.4,3.8,83.8,52.2,19.8,15,4.6,4.25,52.8,30.2,17,#DIV/0!,5.8,10.4,31,24.6,8,#DIV/0!,3.4,3.5,62.46666667,35.13333333,17.2,#DIV/0!,5.266666667,6.15
7,16,59.2,30.2,20.8,6.2,7,3.4,62.66666667,34.66666667,20,2.333333333,4,3.666666667,31,24,11,0,4,4,54,23.8,15.8,9.4,5,3.75,83,51.2,19.4,15,4.4,4.5,56.6,32.4,18.4,#DIV/0!,5.2,10.4,30,23.8,8.2,#DIV/0!,3.6,3.5,64.53333333,35.8,17.86666667,#DIV/0!,4.866666667,6.216666667
7,17,58.8,33.2,16.2,8,6.6,3,64.66666667,37,19.33333333,2.666666667,3.666666667,3,26,23,7,0,4,4,55.2,23.4,17.4,8,4.4,3.333333333,81,49.8,18.8,15,4.2,4.75,58.8,34.2,18.2,#DIV/0!,4.8,4,28.4,23.4,8.4,#DIV/0!,3.8,3.75,65,35.8,18.13333333,#DIV/0!,4.466666667,4.027777778
7,18,62.8,31.2,15.2,5.8,6.4,2.8,66,36,16.33333333,2.666666667,3.333333333,3,30,28,12,0,4,5,51.6,22,17.2,7.6,3.4,3.333333333,80.2,48.6,16,15,4.8,4.8,58.6,34.8,17.8,#DIV/0!,5,4.8,29,24.4,9.4,#DIV/0!,3.8,4.25,63.46666667,35.13333333,17,#DIV/0!,4.4,4.311111111
7,19,49,29.2,13.4,7,7,4.4,57.66666667,34.33333333,15.33333333,3.333333333,4.666666667,5.666666667,38,23,12,0,3,3,46.6,20.8,18.2,8,3.2,3.666666667,76.2,46,15.4,15,5.6,5,57.2,35.6,16.6,#DIV/0!,5.4,5,30.6,24.4,10.6,#DIV/0!,3.8,4,60,34.13333333,16.73333333,#DIV/0!,4.733333333,4.555555556
7,20,52.2,28.8,13.6,7,9,3.8,55.66666667,33,13.66666667,2.333333333,6.666666667,4.666666667,27,23,14,0,2,4,46,21.2,16.8,8,3.2,4,71.8,44.4,15.8,15,5.6,5,55,33.4,14.8,#DIV/0!,6,5.2,30.4,24.2,11.2,#DIV/0!,3.4,4,57.6,33,15.8,#DIV/0!,4.933333333,4.733333333
7,21,51.6,25.6,11.6,8.4,8.6,3.4,51.33333333,27.33333333,13.66666667,2.333333333,6.333333333,4.666666667,31,24,8,0,3,0,44.8,20.4,16.2,7.8,3.4,4,69.6,43.8,16.2,15,6,5,48.6,30.2,12,#DIV/0!,7.4,5.6,30.4,24.2,10.6,#DIV/0!,3.2,4,54.33333333,31.46666667,14.8,#DIV/0!,5.6,4.866666667
7,22,49,24.8,13.8,6.8,8,4,44.66666667,27.66666667,14.33333333,2.333333333,6.333333333,5,31,26,8,0,2,4,43.8,20,16,7.4,3.6,4,68.6,42.8,14.4,15,6.6,5,44.4,27.2,10.8,#DIV/0!,8.6,5.8,31.4,24.8,10.8,#DIV/0!,2.8,4,52.26666667,30,13.73333333,#DIV/0!,6.266666667,4.933333333
7,23,50.6,24.6,12,6.2,6.4,3.6,53.66666667,29.33333333,14.66666667,2,6.333333333,4.666666667,35,25,8,0,2,3,44.4,21.4,17.4,6.8,3.4,4,65.6,41,16.4,15,7.8,5,43,26.2,11.2,#DIV/0!,8.6,13.2,32.4,24.2,10,#DIV/0!,2.4,3.5,51,29.53333333,15,#DIV/0!,6.6,7.4
7,24,49.4,27,12.6,7.6,6.8,12.2,54.66666667,33.33333333,15.33333333,2.333333333,5.333333333,18,36,17,7,0,3,3,49.6,23.8,17.6,7.4,3,4,64,41.6,17,15,8,5,41.6,25.6,12.2,#DIV/0!,8.4,21.2,32,23,9,#DIV/0!,2.4,3.5,51.73333333,30.33333333,15.6,#DIV/0!,6.466666667,10.06666667
7,25,53.6,28.4,14.4,8.4,9.2,12.2,57,33,19,3.333333333,7.666666667,18,35,17,13,0,2,3,55,25.8,19,7.8,3,4,66,43.6,17.6,15,8.4,5.2,41.2,27,13,#DIV/0!,8.4,21.2,33.6,21.8,8.8,#DIV/0!,2.4,3.25,54.06666667,32.13333333,16.53333333,#DIV/0!,6.6,10.13333333
7,26,53,28.4,15.6,7.8,7.8,4.2,57,34,18.33333333,3,6.666666667,4.666666667,49,21,12,0,2,4,59.6,27.6,20.6,8,2.8,4,69.6,44.6,18.8,15,8.4,5.4,43.8,29.2,14.4,#DIV/0!,7.6,21,37.2,21.2,9.6,#DIV/0!,2.2,3.4,57.66666667,33.8,17.93333333,#DIV/0!,6.266666667,10.13333333
7,27,59.2,32,17,7.8,7.2,3.6,60,37.66666667,20.33333333,2.666666667,5.333333333,5,51,18,12,0,2,3,62.6,30.6,20.8,8.2,2.8,4,69.8,44.4,19.6,15,8.8,5.6,45.2,31,15.4,#DIV/0!,6.8,20.8,41.2,19.6,10.4,#DIV/0!,2.2,3.2,59.2,35.33333333,18.6,#DIV/0!,6.133333333,10.13333333
7,28,60.2,32.2,15.8,7.4,7.4,3.8,67,39,18.66666667,2.333333333,5,4.666666667,50,22,8,0,2,4,64.6,29.4,19.2,8,2.8,4,69.8,45.8,18.4,15,8.2,5.6,48.4,32.8,15.8,#DIV/0!,6.6,12.6,44.2,19,10.4,#DIV/0!,2.2,3.4,60.93333333,36,17.8,#DIV/0!,5.866666667,7.4
7,29,57,27.2,13.8,5,6.6,3.6,63.66666667,34,14.66666667,2,5.666666667,4.666666667,56,27,13,0,2,5,60,26.4,17,6.8,3,4,75.4,45.4,16,15,8.4,5.6,51.8,34.2,16.4,#DIV/0!,6.2,4.4,48.2,21,11.6,#DIV/0!,2,3.8,62.4,35.33333333,16.46666667,#DIV/0!,5.866666667,4.666666667
7,30,50.8,27,12.6,5.6,6.6,2.8,55,32.66666667,14.33333333,1.333333333,6.333333333,3,67,23,16,0,2,4,55.2,25.4,15.6,6.2,3,4,73.8,40.8,13.4,15,9,5.2,54.8,34.8,17,#DIV/0!,5.8,4.25,54.6,22.2,12.2,#DIV/0!,2,4,61.26666667,33.66666667,15.33333333,#DIV/0!,5.933333333,4.483333333
7,31,58.4,28.2,12.4,8.6,8.2,2.8,63.33333333,32.66666667,13,2,6.333333333,3,61,24,19,0,3,4,52.8,25,16.2,5.6,3,3.75,63.2,36.4,12.4,15,9.2,5,57,36.4,18,#DIV/0!,5.6,4,57,22.8,13.6,#DIV/0!,2.2,4,57.66666667,32.6,15.53333333,#DIV/0!,5.933333333,4.25
8,1,58.4,29.2,16.6,7.4,10.2,3.4,57,32,18.66666667,1.666666667,6,3.666666667,65,27,23,0,1,4,53,24.2,17.6,5.2,2.8,3.5,60,34.8,14.2,15,8.8,4.8,60.2,37.6,17.8,#DIV/0!,5.2,4,59.8,24.6,15.8,#DIV/0!,2,4.2,57.73333333,32.2,16.53333333,#DIV/0!,5.6,4.1
8,2,52,29,15.6,6.4,7.2,3.4,55,32.33333333,19,1.666666667,4.333333333,4,72,24,20,0,2,0,54.2,25.6,19,5,2.8,3.333333333,61.4,33.6,16.2,15,7.8,4.8,60.4,37.4,16.8,#DIV/0!,4.6,4,64.2,25,18.2,#DIV/0!,2,4.25,58.66666667,32.2,17.33333333,#DIV/0!,5.066666667,4.044444444
8,3,54.2,28.4,14.8,6.4,6,2.6,60.66666667,33.33333333,18.33333333,1.666666667,4,3,61,19,7,0,4,0,56.8,27.6,21,5.2,2.6,3.5,57.2,33.4,18.8,15,6.6,4.8,57.8,36.8,16.6,#DIV/0!,4.4,4,65.2,23.4,17,#DIV/0!,2.4,4,57.26666667,32.6,18.8,#DIV/0!,4.533333333,4.1
8,4,53.8,28.4,18.4,7.4,5.8,3.4,57.33333333,33,20.66666667,1.666666667,4,4.333333333,42,15,12,0,4,0,59.2,28,21.4,5,2.4,3.5,60.2,36.4,20.4,15,5.8,5,59,38.8,17,#DIV/0!,4.4,4.2,60.2,21.8,16.2,#DIV/0!,2.8,4,59.46666667,34.4,19.6,#DIV/0!,4.2,4.233333333
8,5,59.6,32,17.6,6.8,5.8,3.8,62.33333333,36.33333333,18.66666667,1.666666667,4,4.666666667,39,16,11,0,1,0,56.6,26.6,18,5.6,3,3.75,69.6,38.2,19.2,15,6,6.6,64.4,41.2,17.6,#DIV/0!,4.2,4.4,55.8,20.2,14.6,#DIV/0!,2.4,4,63.53333333,35.33333333,18.26666667,#DIV/0!,4.4,4.916666667
8,6,63,34,16,6.8,6,4,66.66666667,38.66666667,16.66666667,2.666666667,5.333333333,4.666666667,46,19,15,0,2,0,51.8,24.6,15,6.4,3.8,4.25,68.8,38.2,18.2,15,6.2,6.4,67.8,43.8,19.4,#DIV/0!,4.6,4.6,52,18.6,13,#DIV/0!,2.6,4,62.8,35.53333333,17.53333333,#DIV/0!,4.866666667,5.083333333
8,7,64.4,33,14.4,7.8,7.4,5.8,68.33333333,36.33333333,15,3,6.666666667,7.666666667,55,19,15,0,2,4,47.8,22.2,13.6,7,4.4,4.2,69.6,38,17.4,15,6,6.2,72.6,45.4,21,#DIV/0!,5,4.6,48.6,17.6,12,#DIV/0!,2.6,4,63.33333333,35.2,17.33333333,#DIV/0!,5.133333333,5
8,8,62,31.6,16,8,8.6,3.8,60.66666667,32,17,2.666666667,6,4,51,21,15,0,2,4,42.2,20,11.4,8.6,5.4,4.6,70.2,38.4,18,15,6,8.6,78.6,47.4,21,#DIV/0!,4.8,12.8,46.6,18,13.6,#DIV/0!,2.2,4,63.66666667,35.26666667,16.8,#DIV/0!,5.4,8.666666667
8,9,60.8,29.2,15.2,7.2,7.6,12,59.33333333,32.33333333,15.66666667,4.333333333,5,18.33333333,59,24,18,0,1,4,41.8,18.2,8.8,9.8,6.2,4.6,71.2,37.6,18.6,15,6,8.6,80.2,46.8,20.8,#DIV/0!,4.2,14.75,50,19.8,14.8,#DIV/0!,1.6,4,64.4,34.2,16.06666667,#DIV/0!,5.466666667,9.316666667
8,10,61.4,30.2,15,6.4,6.2,5.2,65.33333333,33,15,3.666666667,4.333333333,7,68,26,17,0,1,4,41.4,20.2,7.6,11,6.4,4.8,69,38.2,19.6,15,5.4,7,77.4,44.6,20.2,#DIV/0!,3.6,14.5,55.8,21.8,16,#DIV/0!,1.6,4,62.6,34.33333333,15.8,#DIV/0!,5.133333333,8.766666667
8,11,61,33,13.4,7.6,6.4,4,63,37,14.66666667,4.666666667,4.666666667,4.666666667,73,27,11,0,1,4,42.8,21.8,7.4,11.4,7.8,4.6,72.2,38.8,20.4,15,4.8,11.6,74.4,42.4,19,#DIV/0!,3.6,14.5,61.2,23.4,15.2,#DIV/0!,1.4,4,63.13333333,34.33333333,15.6,#DIV/0!,5.4,10.23333333
8,12,58.6,33,13.8,9.2,8.8,4,62,36.33333333,14.33333333,3.666666667,8,4.666666667,57,20,12,0,2,4,41,22.2,7,11.6,8.2,4.6,70.2,39.4,21.2,15,4.4,11.6,69.4,40.6,18,#DIV/0!,3.6,14.5,61.6,23.6,14.6,#DIV/0!,1.4,4,60.2,34.06666667,15.4,#DIV/0!,5.4,10.23333333
8,13,60,30,15.2,7.8,10.6,8.6,54.66666667,30.66666667,16,3,5.666666667,11.66666667,48,17,6,0,2,4,42.4,21.8,6.2,11,8,4.2,71.4,41.2,21,15,4.6,9.2,64.6,39,16.6,#DIV/0!,4.4,4.333333333,61,22.8,12.8,#DIV/0!,1.4,4,59.46666667,34,14.6,#DIV/0!,5.666666667,5.911111111
8,14,54,28.4,13.4,6.6,8.6,2.6,50.33333333,30,13.33333333,3.333333333,5.333333333,2.666666667,48,20,14,0,2,6,38.2,21.6,8,10.8,8.4,4.2,73.4,41.8,19.4,15,4.6,9.4,61.6,38.4,15.8,#DIV/0!,5.2,14.5,58.8,22,12,#DIV/0!,1.6,4.4,57.73333333,33.93333333,14.4,#DIV/0!,6.066666667,9.366666667
8,15,53.6,29.6,15.2,5.6,7.4,11.4,55.33333333,34.66666667,16.33333333,3.333333333,6.666666667,18,57,18,15,0,3,4,38.8,20.2,12,10,8.4,4,71.8,41.8,21,15,4.6,9.4,60.2,38.4,15.6,#DIV/0!,6,14.75,56.6,20.4,11.6,#DIV/0!,2,4.4,56.93333333,33.46666667,16.2,#DIV/0!,6.333333333,9.383333333
8,16,57.8,31.2,15.4,5.6,6.6,4,65,35.66666667,18.33333333,3.333333333,6,5,46,16,8,0,2,5,41,19.2,13.6,10.6,6.4,4.2,72.2,44,22.6,15,4.8,5,63.4,39.2,15.8,#DIV/0!,6.2,14.75,51.2,18.2,11,#DIV/0!,2.2,4.6,58.86666667,34.13333333,17.33333333,#DIV/0!,5.8,7.983333333
8,17,60.6,31.8,15.6,6.6,6,3.8,68.33333333,36,20,4.666666667,5,5,37,17,10,0,3,4,44,20.2,14,10.2,5.2,4,76.6,45,23,15,5.4,5.25,65.4,39.2,15.4,#DIV/0!,6.4,15,47.2,17.6,10.6,#DIV/0!,2.4,4.6,62,34.8,17.46666667,#DIV/0!,5.666666667,8.083333333
8,18,58.8,32.6,15.6,5.4,5.6,3.2,63.66666667,36,18.66666667,2.333333333,4.333333333,4.333333333,47,18,8,0,2,4,46.6,21.4,15,9.2,4.6,3.8,75.6,43.2,23,15,5.4,5.25,67,39.6,16.8,#DIV/0!,6.2,13,47,17.8,11,#DIV/0!,2.4,4.6,63.06666667,34.73333333,18.26666667,#DIV/0!,5.4,7.35
8,19,64.4,31.2,16.2,5.2,6,2.4,64.66666667,34.33333333,18,1.666666667,5,2.666666667,44,18,9,0,2,4,46.4,21.8,15,8.2,3.8,3.4,71.4,42.4,22,15,5.4,6,68.8,40.2,17.4,#DIV/0!,6.4,4.8,46.2,17.4,10,#DIV/0!,2.4,4.2,62.2,34.8,18.13333333,#DIV/0!,5.2,4.733333333
8,20,59,32,14.8,5.6,6.2,3.4,56.33333333,33.33333333,17.33333333,1.666666667,5.666666667,3.666666667,48,18,17,0,2,4,44,20.6,12.6,7.8,3.4,3.2,71.2,41,18.6,15,6.8,6,70.2,40,16.4,#DIV/0!,6.6,4.8,44.4,17.4,10.4,#DIV/0!,2.2,4.2,61.8,33.86666667,15.86666667,#DIV/0!,5.6,4.666666667
8,21,59,31.2,12,7.4,6.6,4.8,56.33333333,32,11,2.666666667,5.666666667,5.666666667,47,22,14,0,2,4,38.4,20.2,13.6,6.6,4,2.8,68.2,37.6,15,15,7.8,6,65.8,38.4,15.8,#DIV/0!,6.6,4.8,44.6,18.6,11.6,#DIV/0!,2.2,4,57.46666667,32.06666667,14.8,#DIV/0!,6.133333333,4.533333333
8,22,63.6,34,15.6,7.4,10.8,4.2,51.33333333,30.33333333,15,2.666666667,8.333333333,4.333333333,48,22,4,0,3,5,40.8,21,13.8,6.8,4.6,2.8,63.2,34.8,12.8,15,8.2,6.2,64.2,39.2,16.4,#DIV/0!,6.8,4.8,46.8,19.6,10.4,#DIV/0!,2.2,4.2,56.06666667,31.66666667,14.33333333,#DIV/0!,6.533333333,4.6
8,23,69.4,35.4,15,5,8.6,3.8,60,33,14,2.666666667,7.333333333,4.333333333,47,19,15,0,2,6,42.4,21,14,7.2,5,2.8,59.6,31.6,12.8,15,8.4,6,65,40.2,15.8,#DIV/0!,7.2,4.8,46.8,19.8,11.8,#DIV/0!,2.2,4.6,55.66666667,30.93333333,14.2,#DIV/0!,6.866666667,4.533333333
8,24,64.6,31.2,15,5,7.2,4,60.33333333,31.33333333,13.66666667,2.333333333,7,5,39,19,9,0,1,5,43.8,20,14.4,7.2,5,3,54.4,30.6,15,15,8.4,5.2,66,41.4,15.4,#DIV/0!,7.6,5.2,45.8,20,11.8,#DIV/0!,2,4.8,54.73333333,30.66666667,14.93333333,#DIV/0!,7,4.466666667
8,25,64.2,35.2,18.8,6.8,7.4,4.2,54.33333333,28.33333333,17.33333333,1.666666667,6.666666667,3.333333333,34,19,10,0,1,3,44.2,19.8,14.6,6.8,4.8,3.25,55,31.8,16,15,7.2,5.4,68.4,41,15,#DIV/0!,8.2,5.6,43,20.2,10.4,#DIV/0!,1.8,4.6,55.86666667,30.86666667,15.2,#DIV/0!,6.733333333,4.75
8,26,72.4,38.2,13.4,7.2,7.2,4.8,52.33333333,29.33333333,14.33333333,2,6.333333333,5.333333333,32,20,13,0,1,3,46.2,21.4,12.8,6.4,4.4,3.5,58,33,16.8,15,7,5.6,70,41,13.4,#DIV/0!,10.2,9.8,40,19.8,10.2,#DIV/0!,1.6,4.4,58.06666667,31.8,14.33333333,#DIV/0!,7.2,6.3
8,27,64.4,36.2,12.8,6.2,9.4,8.4,58.33333333,35,11,2,9,12,43,22,15,0,1,3,43.8,21.2,11,7,5,4,57.4,32.8,16.8,15,7.4,5.2,71.8,39.4,12.6,#DIV/0!,10.6,9.8,39,19.8,12.4,#DIV/0!,1.2,4,57.66666667,31.13333333,13.46666667,#DIV/0!,7.666666667,6.333333333
8,28,73.6,33.6,12.4,6,7.6,4.4,64,32,11,3.666666667,8.666666667,5.333333333,52,23,9,0,1,5,44,20.8,12.6,7.6,5.4,4.25,58.4,34.2,15.2,15,7.8,5.4,70.4,37.6,12,#DIV/0!,10.2,11.4,40,20.6,11.2,#DIV/0!,1,3.8,57.6,30.86666667,13.26666667,#DIV/0!,7.8,7.016666667
8,29,63.6,29,14.8,6,7.6,5.8,57.33333333,27.33333333,15.33333333,3.333333333,7.666666667,7.333333333,52,21,13,0,2,4,43.2,21.4,12.6,8,5.4,4.2,59.2,33.2,15.6,15,8.8,5.6,68,35.4,12.6,#DIV/0!,9.6,11,42.6,21,12,#DIV/0!,1.2,3.6,56.8,30,13.6,#DIV/0!,7.933333333,6.933333333
8,30,53.6,28.4,14.2,5.2,8,3.8,50.66666667,28,15.66666667,2.333333333,6.333333333,4.333333333,41,21,14,0,2,4,42.6,21,13.8,7.6,5.4,4.2,56,31.4,14.2,15,9.2,5.6,64.8,36.4,14.6,#DIV/0!,8.4,10.6,44,21.4,12.8,#DIV/0!,1.4,3.8,54.46666667,29.6,14.2,#DIV/0!,7.666666667,6.8
8,31,52.8,28.4,17.8,5.4,6.8,4.2,47.33333333,28.66666667,20.33333333,1.333333333,6,5,48,24,11,0,0,0,42.8,20.6,16.8,7.4,5.4,4.25,51.6,30,14.2,15,10.2,5.4,68,38,16.6,#DIV/0!,6.4,16,47.2,22.2,12.4,#DIV/0!,1.5,4,54.13333333,29.53333333,15.86666667,#DIV/0!,7.333333333,8.55
9,1,65,32.6,17.8,4.8,7.4,13.2,58.66666667,34,17,1.666666667,6.333333333,19.66666667,51,26,12,0,2,3,46.6,21.2,19,5.8,4.8,3.75,49.8,30.2,12.8,15,10,6,70.2,39.6,17,#DIV/0!,6.4,16.2,48.8,23,11.8,#DIV/0!,1.75,4,55.53333333,30.33333333,16.26666667,#DIV/0!,7.066666667,8.65
9,2,68.8,35.4,17,5.6,8.8,4.2,66.66666667,33.33333333,15.33333333,1,9.333333333,4.666666667,47,24,7,0,3,4,46.4,22,17.2,5,4.2,3.75,49.8,30.6,12,15,11,6.2,73,39.8,17,#DIV/0!,6.8,14.8,47.8,23.2,11.4,#DIV/0!,2.25,3.75,56.4,30.8,15.4,#DIV/0!,7.333333333,8.25
9,3,74.6,34,14,6.8,7.6,5,58.66666667,29.33333333,10,2,7,6,41,21,6,0,2,3,49,23.2,16.2,5,4.4,3.75,53.2,31.6,11.2,15,11,5.8,73.6,40.2,17.6,#DIV/0!,7.2,15.2,45.6,23.2,10,#DIV/0!,2.25,3.5,58.6,31.66666667,15,#DIV/0!,7.533333333,8.25
9,4,68,38.8,13.8,9.4,10,4.8,56,31.33333333,13.66666667,2.333333333,9,5.333333333,31,21,2,0,2,5,52.4,24.4,13.2,5.8,4.8,3.666666667,57.4,34,11,15,10.6,5.6,77,40.8,18.2,#DIV/0!,7.8,15.2,43.6,23.2,7.6,#DIV/0!,2.25,3.75,62.26666667,33.06666667,14.13333333,#DIV/0!,7.733333333,8.155555556
9,5,83.8,36.4,15,6.4,9.8,3.4,64.33333333,33.33333333,15,2.666666667,7.666666667,3,,,,,,,53,23.75,10,6,5,3.666666667,62.4,35.4,10.2,15,9.6,5.8,77.8,41.4,19.8,#DIV/0!,7.8,5.6,,,,,,,64.4,33.51666667,13.33333333,#DIV/0!,7.466666667,5.022222222
9,6,80.4,34.2,12.2,4.2,6,3,68,30,10.66666667,0,4.333333333,3.333333333,,,,,,,49.25,23.5,10,8.25,5.75,4.666666667,64.8,35.2,11.4,15,10,5.2,79.8,42.2,21.2,#DIV/0!,7,5.5,,,,,,,64.61666667,33.63333333,14.2,#DIV/0!,7.583333333,5.122222222
9,7,81.5,38.75,15.75,5,6.5,3.25,83.5,41.5,16.5,0,7,3,,,,,,,51.75,25.5,16,8.75,6.5,5.333333333,64.2,34.4,12,15,8.6,5.2,82,45.4,23,#DIV/0!,6.4,5.75,,,,,,,65.98333333,35.1,17,#DIV/0!,7.166666667,5.427777778
9,8,81.75,39.5,16,4.5,6.5,5,73,40.5,17,0,8,6,,,,,,,58.5,27.75,19.5,8.5,6.75,5.333333333,64.6,35.2,9.8,15,8,5.8,93.4,49.2,22.6,#DIV/0!,6,6.25,,,,,,,72.16666667,37.38333333,17.3,#DIV/0!,6.916666667,5.794444444
9,9,83,41.5,13.5,6.5,6.25,6,87,43,16,0,6.5,7,,,,,,,62.75,29.5,22.5,8.25,6.75,5,63,31.8,10.6,15,8.8,6.6,103.2,50.8,20.8,#DIV/0!,5.8,6.5,,,,,,,76.31666667,37.36666667,17.96666667,#DIV/0!,7.116666667,6.033333333
9,10,84.2,40,13,8,7.6,6.6,64.66666667,39,12.66666667,4,7,6.333333333,,,,,,,66,29.2,19.6,9,7,5,56,30.2,12.4,15,8.2,6.2,104.4,51.8,20.6,#DIV/0!,6.2,6.75,,,,,,,75.46666667,37.06666667,17.53333333,#DIV/0!,7.133333333,5.983333333
9,11,82.4,44.4,20.8,7.6,10,6.6,73,36,23.33333333,2.666666667,8.666666667,7,,,,,,,66.2,29.4,18.4,8.6,7.6,4.8,56,32.2,14.6,15,7.6,6.2,113.4,54.6,20.6,#DIV/0!,7,6.8,,,,,,,78.53333333,38.73333333,17.86666667,#DIV/0!,7.4,5.933333333
9,12,88.4,40.6,19.6,5.6,8,4.6,84,40.33333333,22,2,7,5,,,,,,,63.6,26.4,14,8,8.8,4.4,61,35,16.8,15,7.8,6,123.4,55.8,20.4,#DIV/0!,7,7,,,,,,,82.66666667,39.06666667,17.06666667,#DIV/0!,7.866666667,5.8
9,13,95,45.2,17.2,6.4,6.6,5.6,87.66666667,42,19.66666667,2.333333333,6.333333333,5.666666667,,,,,,,53.8,22.2,11,8.2,8.6,4.4,64,36.2,20.2,15,7.6,5.6,125,57.6,22,#DIV/0!,7,6.8,,,,,,,80.93333333,38.66666667,17.73333333,#DIV/0!,7.733333333,5.6
9,14,95.8,48.6,16.8,7,8.2,5.8,88.66666667,45.66666667,19.66666667,4,7.333333333,5.666666667,,,,,,,46.4,20.2,9.2,9.4,8.8,4.6,65.6,39,22.8,15,6.6,4.6,123.8,58,23.8,#DIV/0!,7.2,6.4,,,,,,,78.6,39.06666667,18.6,#DIV/0!,7.533333333,5.2
9,15,97,46.2,15.4,9,9,5.6,90,42,19.33333333,3.333333333,8,4.666666667,,,,,,,43.4,19,9.6,9.4,9.4,4.6,70,40,22,15,6.4,6.4,127.2,59.4,24,#DIV/0!,6.6,6,,,,,,,80.2,39.46666667,18.53333333,#DIV/0!,7.466666667,5.666666667
9,16,83.6,40.4,17.8,5.8,10.6,4.6,77,38,20.66666667,1.666666667,8,4,,,,,,,39.2,16.6,8.8,8.4,9.6,4.4,70,39.4,21.6,15,6,6.4,126.8,61.8,24.4,#DIV/0!,5.6,6,,,,,,,78.66666667,39.26666667,18.26666667,#DIV/0!,7.066666667,5.6
9,17,73.4,39.6,16,7.2,7.4,6.2,74.33333333,39,16.33333333,2.333333333,4.666666667,8,,,,,,,34.8,16.8,9.8,8.8,8.6,4.4,68,39.2,20.6,15,5.6,6.8,133.6,64.8,24.4,#DIV/0!,5.8,5.4,,,,,,,78.8,40.26666667,18.26666667,#DIV/0!,6.666666667,5.533333333
9,18,88,40.6,15.2,6.8,10.8,4.4,86.66666667,42.66666667,16,4.333333333,6.333333333,5,,,,,,,38.2,20,11.6,8.8,8.8,4.6,67.2,36.4,17.6,15,5.8,6.8,128.2,59.8,22,#DIV/0!,6,4.4,,,,,,,77.86666667,38.73333333,17.06666667,#DIV/0!,6.866666667,5.266666667
9,19,86.4,39.8,16.8,6,9.6,5.4,71.33333333,35,14.66666667,4,8,4.666666667,,,,,,,45,21.4,13.8,7.8,9,4.6,62,33,15.4,15,7,6.8,119.6,60.6,22.4,#DIV/0!,6,4.6,,,,,,,75.53333333,38.33333333,17.2,#DIV/0!,7.333333333,5.333333333
9,20,70.4,36.4,14.4,5,8.4,4.6,67.33333333,34.66666667,13.66666667,1.666666667,8.666666667,4.666666667,,,,,,,47.6,21.4,15,7.2,8.8,4.4,56,30.8,16.2,15,8,5.2,127.4,62,23.4,#DIV/0!,6.2,5.4,,,,,,,77,38.06666667,18.2,#DIV/0!,7.666666667,5
9,21,76.2,36.6,20.4,6.4,8.6,5,74,35,20.33333333,2.333333333,8.666666667,5.333333333,,,,,,,46.8,22.2,15.8,8.2,7.8,4.6,53.8,31,17.2,15,8.4,8.4,133,61.4,21.8,#DIV/0!,6.8,5.4,,,,,,,77.86666667,38.2,18.26666667,#DIV/0!,7.666666667,6.133333333
9,22,86.8,39.8,17.4,7,9.4,5.4,79.33333333,39.66666667,18,2.333333333,7.666666667,5.666666667,,,,,,,49.4,25.4,13.8,10.8,8.4,5.4,54.6,31,18.4,15,8.8,8.75,128.2,58.2,21,#DIV/0!,6.8,5.8,,,,,,,77.4,38.2,17.73333333,#DIV/0!,8,6.65
9,23,91,42.2,20.6,8.4,11.6,8.4,86.33333333,40,20,2.666666667,7.333333333,11,,,,,,,55.6,25,14.4,12.2,10.8,5.2,52.2,32.8,20,15,9,10,132.2,58.6,19.6,#DIV/0!,6.6,6.4,,,,,,,80,38.8,18,#DIV/0!,8.8,7.2
9,24,117.8,49.4,18.8,6.8,12,5.4,83.66666667,35.66666667,16.33333333,3,8,3,,,,,,,54.8,24.8,12.8,13.6,11.6,5,56,35.8,21.2,15,8.8,10,130,54.4,21.6,#DIV/0!,6.8,7,,,,,,,80.26666667,38.33333333,18.53333333,#DIV/0!,9.066666667,7.333333333
9,25,89.4,57.2,19.8,7.2,10.4,6,58.33333333,32,21,3.333333333,7.666666667,4.333333333,,,,,,,52.6,24.2,11.6,13.8,12.8,5,61,38.8,21.6,15,8.4,9.666666667,119.6,50.4,20,#DIV/0!,7.4,6.4,,,,,,,77.73333333,37.8,17.73333333,#DIV/0!,9.533333333,7.022222222
9,26,74.4,46,17.2,11.4,11.4,5.2,67.33333333,38.66666667,16.33333333,6.666666667,10.33333333,5.666666667,,,,,,,53.2,24.6,10.8,14,14.2,4.8,64.8,40.4,22,15,8.8,4.333333333,105.6,45.2,20.8,#DIV/0!,7.6,6.2,,,,,,,74.53333333,36.73333333,17.86666667,#DIV/0!,10.2,5.111111111
9,27,89,39.2,21.2,7.2,11.6,4.2,74.66666667,35.33333333,21,4.666666667,11.33333333,4.666666667,,,,,,,57,23.2,11.6,11.8,14,4.2,66,40.4,22.2,15,8.8,4.333333333,95.2,42.2,21.2,#DIV/0!,8.4,6,,,,,,,72.73333333,35.26666667,18.33333333,#DIV/0!,10.4,4.844444444
9,28,94.4,43.8,18.8,7.6,9,5.4,74,37.33333333,18.66666667,5,10.66666667,5,,,,,,,53,23.8,8.6,12.4,13,4.6,67.6,40.4,23.4,15,8.4,4.25,84.2,39.6,22,#DIV/0!,8.8,7.4,,,,,,,68.26666667,34.6,18,#DIV/0!,10.06666667,5.416666667
9,29,89.6,44.6,18.4,10,10.4,7.6,63.66666667,30.33333333,16,3.333333333,10.66666667,5.333333333,,,,,,,57,24.2,8,11.6,12.8,4.6,68.2,40,24.6,15,8,4.25,83.2,38.6,16.8,#DIV/0!,9.2,7,,,,,,,69.46666667,34.26666667,16.46666667,#DIV/0!,10,5.283333333
9,30,86.8,44.8,14.2,8.8,10.4,5.4,60.33333333,31,13,3.666666667,10,4.666666667,,,,,,,55.2,24.4,9.2,11.6,11.8,4.8,68.8,40,23.6,15,8.2,4.75,78.2,35.8,14.6,#DIV/0!,8.8,7.2,,,,,,,67.4,33.4,15.8,#DIV/0!,9.6,5.583333333
10,1,92,46,14,6.4,9.8,6,66.33333333,31,16,3,8.666666667,5,,,,,,,55.2,24,10.2,11.6,10.4,4.8,70.8,38.8,22.4,15,7.6,4.75,71.4,33,13.2,#DIV/0!,8.6,7.2,,,,,,,65.8,31.93333333,15.26666667,#DIV/0!,8.866666667,5.583333333
10,2,80,42.4,11,9.4,12.4,6,57.66666667,31.66666667,12,5.666666667,9.666666667,6,,,,,,,53,24.6,14,12.8,9.8,5,69.4,38.8,22,15,8,4.8,62,28.6,11.8,#DIV/0!,8.6,7,,,,,,,61.46666667,30.66666667,15.93333333,#DIV/0!,8.8,5.6
10,3,92.4,41.6,13.2,7,11.4,5.8,68.33333333,28.66666667,13.33333333,3.666666667,9.333333333,4.666666667,,,,,,,56.6,24.6,16,12.4,8.8,4.8,71.4,39.8,20.4,15,8.6,5,56.6,27,12.6,#DIV/0!,8.6,5.6,,,,,,,61.53333333,30.46666667,16.33333333,#DIV/0!,8.666666667,5.133333333
10,4,69,40.2,16.8,7.2,11.2,5,49.33333333,28,18.66666667,3.333333333,9.666666667,5,,,,,,,53.4,24.8,16.8,12.6,8.8,5,72,38.6,17.8,15,8.2,5.4,52.6,25.8,14.8,#DIV/0!,8.2,10.4,,,,,,,59.33333333,29.73333333,16.46666667,#DIV/0!,8.4,6.933333333
10,5,90,46.2,16.2,7.8,10,10.8,57,30,15.66666667,3.666666667,8,13,,,,,,,57.6,24.6,15.6,12,9.8,4.8,70.8,36.2,17.4,15,7.4,5.4,49,25.6,14.6,#DIV/0!,8.6,10.2,,,,,,,59.13333333,28.8,15.86666667,#DIV/0!,8.6,6.8
10,6,89.6,39.6,13.4,8.4,9,5.8,57.66666667,29.66666667,17.66666667,5,7.666666667,5.666666667,,,,,,,56,24.2,16.4,11.6,10.4,4.8,66.6,34.8,14.4,15,8.6,5.8,47.2,25,13.8,#DIV/0!,9,10,,,,,,,56.6,28,14.86666667,#DIV/0!,9.333333333,6.866666667
10,7,71.6,31,13.8,8.8,9.8,5.4,58.66666667,26.66666667,13.33333333,5,7.333333333,5.333333333,,,,,,,54,22.6,10.8,10.4,13,4.4,67.6,33.2,12,15,9.2,6.2,48.6,26.8,13.4,#DIV/0!,8.8,10,,,,,,,56.73333333,27.53333333,12.06666667,#DIV/0!,10.33333333,6.866666667
10,8,67,34.8,12.4,7.2,15,5.4,58.33333333,29.66666667,9,4,11,5.666666667,,,,,,,48.4,20.8,8.8,9.2,15.2,4.25,64,30.2,11.4,15,10.6,6.6,51.4,28.6,15.8,#DIV/0!,8.6,10.2,,,,,,,54.6,26.53333333,12,#DIV/0!,11.46666667,7.016666667
10,9,73.8,33.8,18,5,12.4,4.8,62.66666667,28,16.66666667,2.333333333,12,5.666666667,,,,,,,43.4,19,7.2,8.6,14,4,59.8,28.4,10.2,15,10.8,6.4,57.6,30.8,14.8,#DIV/0!,8.4,5.4,,,,,,,53.6,26.06666667,10.73333333,#DIV/0!,11.06666667,5.266666667
10,10,71.6,33.4,19.4,4.4,10.6,4.8,58.66666667,28,14.33333333,3,11,5.666666667,,,,,,,40.8,21.4,5.8,8.2,11.2,4.5,55.8,27.4,8.8,15,12.4,6.2,60.2,30,15.2,#DIV/0!,7.8,5.2,,,,,,,52.26666667,26.26666667,9.933333333,#DIV/0!,10.46666667,5.3
10,11,66.6,32.2,13.6,5.2,10,4,51.66666667,22.66666667,7,3,11.33333333,4.333333333,,,,,,,48.8,22.8,3.6,8,9.8,4.5,54.6,26.8,8.6,15,12.6,6,59.8,31.2,15.6,#DIV/0!,8,5,,,,,,,54.4,26.93333333,9.266666667,#DIV/0!,10.13333333,5.166666667
10,12,63.2,35.2,13,5,12.2,3.6,42,24,8.333333333,3,14,3,,,,,,,52.6,24,5.2,8.4,7,4.25,50.8,25.6,9.8,15,13,5.8,59.2,31.2,17.2,#DIV/0!,8.2,4.8,,,,,,,54.2,26.93333333,10.73333333,#DIV/0!,9.4,4.95
10,13,69.2,34.8,10.8,5.4,10.2,4.8,47,25.66666667,8.666666667,3,9.666666667,4.666666667,,,,,,,55.2,25.4,8,7.6,6,4.2,50.4,27,10,15,11.8,5.6,58.4,31.4,14.8,#DIV/0!,8.6,4.8,,,,,,,54.66666667,27.93333333,10.93333333,#DIV/0!,8.8,4.866666667
10,14,67.8,34.4,14.8,4.8,10.6,5.4,50.66666667,30.33333333,12.33333333,1.666666667,8.666666667,6,,,,,,,58,27.4,11,7.6,6.8,4.2,55.6,29.4,10.8,15,13,5.8,55.4,30,14.8,#DIV/0!,8.6,4.4,,,,,,,56.33333333,28.93333333,12.2,#DIV/0!,9.466666667,4.8
10,15,72.8,36.4,14.4,4.6,9.8,5,66.33333333,30.33333333,11,2.666666667,6.666666667,4.666666667,,,,,,,63.8,28.8,12.8,9.4,9,4,62.6,31,11.2,15,12.8,5.8,51.4,30,14,#DIV/0!,8.6,4.4,,,,,,,59.26666667,29.93333333,12.66666667,#DIV/0!,10.13333333,4.733333333
10,16,75.2,34.4,12.2,6,10.8,4.4,60,28.66666667,9.666666667,3.666666667,8.666666667,4.333333333,,,,,,,68.2,31,15.2,10,11,4,62.4,30.4,13,15,13.4,5.6,51.2,30.4,13.8,#DIV/0!,8.4,4.8,,,,,,,60.6,30.6,14,#DIV/0!,10.93333333,4.8
10,17,70,35.2,16.4,4.6,11.6,4.6,57.66666667,29.66666667,13.33333333,1.666666667,11.66666667,5,,,,,,,71.8,33.6,15,9,11,4.4,62.4,30.6,13.4,15,13.2,5.2,53.6,31.6,14.2,#DIV/0!,8.2,5.2,,,,,,,62.6,31.93333333,14.2,#DIV/0!,10.8,4.933333333
10,18,70.4,40,16.4,6.6,11,4.6,55.33333333,30,17.33333333,3,11.66666667,5,,,,,,,76.6,34.6,12.4,10.2,9.6,4.8,62,30.2,14.8,15,13.2,4.8,57.8,32.8,13.8,#DIV/0!,8.2,5.2,,,,,,,65.46666667,32.53333333,13.66666667,#DIV/0!,10.33333333,4.933333333
10,19,81.2,43,18,6.4,12.6,4.6,67.33333333,35,15.33333333,4.666666667,12,5,,,,,,,80,36.6,11.4,12.2,9,5.2,61.8,30.8,16.6,15,12.4,4.6,57.6,32.2,12.4,#DIV/0!,8.6,5.4,,,,,,,66.46666667,33.2,13.46666667,#DIV/0!,10,5.066666667
10,20,82.2,39.8,18.6,6.2,10.2,4,72.66666667,32.33333333,15,3.666666667,10.66666667,4.333333333,,,,,,,84.2,38.2,16.4,13,7.8,5.4,60.2,30,17,15,11.6,4.6,56.6,32.4,11.4,#DIV/0!,9.2,5.8,,,,,,,67,33.53333333,14.93333333,#DIV/0!,9.533333333,5.266666667
10,21,80.4,37.8,13,4.8,8.6,4.2,64,34.33333333,10.66666667,2,8.333333333,5.333333333,,,,,,,83.6,37.8,17.6,14.4,6.6,5.6,60.8,30.6,17,15,10,4.6,57,31.2,12.2,#DIV/0!,10.4,6,,,,,,,67.13333333,33.2,15.6,#DIV/0!,9,5.4
10,22,66.6,36.6,19.2,6.6,9.2,6.2,63.66666667,28,11,3.666666667,10,6,,,,,,,83,38,18.2,17,7.4,6,60.6,32,16.4,15,8.8,5,56.2,32.2,10.6,#DIV/0!,11.2,6.4,,,,,,,66.6,34.06666667,15.06666667,#DIV/0!,9.133333333,5.8
10,23,88.4,57.6,14.2,9,9.2,7.4,60.66666667,36,13,6.333333333,9.333333333,6.333333333,,,,,,,83.8,37.4,21.8,16.8,7.6,6,66,35,18.6,15,9,5.6,57.4,31.6,10.6,#DIV/0!,11.6,6.4,,,,,,,69.06666667,34.66666667,17,#DIV/0!,9.4,6
10,24,101.8,50.6,21.6,9.6,9.4,6.8,76,39,22.66666667,6,8.666666667,6,,,,,,,81.8,34.2,23,15.4,7.4,6,71,35.8,19,15,9.2,5.8,57,32.2,11,#DIV/0!,12.6,6.8,,,,,,,69.93333333,34.06666667,17.66666667,#DIV/0!,9.733333333,6.2
10,25,98,48.8,22.8,8.8,10.4,6.8,80,37.66666667,21.33333333,6,10.66666667,6.333333333,,,,,,,73,28.8,18,13.8,6.6,6,72.6,37,21.4,15,9,6,60.4,32,14,#DIV/0!,12,7,,,,,,,68.66666667,32.6,17.8,#DIV/0!,9.2,6.333333333
10,26,93,46,20.4,9,9.6,7.4,77,35.66666667,17.33333333,6.333333333,9,6.666666667,,,,,,,61.4,25.6,16.4,12.2,6.2,6.4,74.8,36.6,21.8,15,8,6.2,60.4,32.8,13.2,#DIV/0!,10.6,6.8,,,,,,,65.53333333,31.66666667,17.13333333,#DIV/0!,8.266666667,6.466666667
10,27,83.8,37.2,17.2,8,7.4,6.6,67.66666667,30.33333333,19.66666667,3.333333333,7.666666667,6,,,,,,,55.6,23.8,18.2,11.4,4.8,6.4,74.8,35.6,21.4,15,7,6.4,56.8,30.6,14.2,#DIV/0!,10.4,6.6,,,,,,,62.4,30,17.93333333,#DIV/0!,7.4,6.466666667
10,28,69,30,15.4,6.4,7.2,5.8,55,26.33333333,17.33333333,4,7,6.333333333,,,,,,,53.8,23.6,15.6,12.2,4.8,6.2,68.8,31.6,18.6,15,5.4,6.2,55,31,16,#DIV/0!,10.4,6.4,,,,,,,59.2,28.73333333,16.73333333,#DIV/0!,6.866666667,6.266666667
10,29,58,26.4,13.2,6,8.4,5,58.33333333,29,16.66666667,3.333333333,5.666666667,6,,,,,,,53,24.4,14.2,12.2,7,5.8,57,28.8,17.2,15,3.8,6,57.8,33.4,15,#DIV/0!,9.4,6.6,,,,,,,55.93333333,28.86666667,15.46666667,#DIV/0!,6.733333333,6.133333333
10,30,51.6,27.6,12.8,6.4,7.4,6.2,55.33333333,29.66666667,12.33333333,3.333333333,5.666666667,7,,,,,,,53,25.2,15.8,12.4,8.8,5.6,53.2,28.4,16.6,15,2.8,5.6,64.6,36.8,14.4,#DIV/0!,11,6.4,,,,,,,56.93333333,30.13333333,15.6,#DIV/0!,7.533333333,5.866666667
10,31,59.8,31.8,18.4,7.8,7.6,5.4,59,33.66666667,17,5,6.666666667,6,,,,,,,57,26.2,16.4,11.8,9.6,5.2,49.4,28.8,15.8,15,4.4,5.8,68.2,38.8,15,#DIV/0!,12.8,6.4,,,,,,,58.2,31.26666667,15.73333333,#DIV/0!,8.933333333,5.8
11,1,62.8,31,15.8,8.4,7.8,5,64.33333333,32.66666667,15.33333333,4.666666667,9,5,,,,,,,55.6,24,14.4,11.6,10.4,4.8,51,29.2,17,15,6.2,5.8,78.2,40.8,14.6,#DIV/0!,13.2,6,,,,,,,61.6,31.33333333,15.33333333,#DIV/0!,9.933333333,5.533333333
11,2,61,29,13.2,6.6,11,5,64,31.66666667,13,4,14,5.333333333,,,,,,,50.8,24.4,13.8,11.8,10.4,5,48.8,28.8,16.2,15,7,6,75.8,39.6,11.2,#DIV/0!,15.6,6.4,,,,,,,58.46666667,30.93333333,13.73333333,#DIV/0!,11,5.8
11,3,52,26.6,14.4,7.6,13,5.2,57,29,15.66666667,3.666666667,15.66666667,6.333333333,,,,,,,51.6,25.2,14.8,11,8.4,5.4,50,28.6,16.4,15,8.4,6.4,80.6,40.8,13.8,#DIV/0!,17.2,6.2,,,,,,,60.73333333,31.53333333,15,#DIV/0!,11.33333333,6
11,4,64.4,34,16,7.4,13,5.6,66.33333333,32.66666667,16.33333333,2.333333333,11,6.333333333,,,,,,,49.6,24.4,16,10.4,6.8,5.4,49,26.8,15.6,15,9.2,6.8,85.2,41,14.2,#DIV/0!,18,6.4,,,,,,,61.26666667,30.73333333,15.26666667,#DIV/0!,11.33333333,6.2
11,5,71.6,32.6,16.6,7,16.8,5.2,66.33333333,30,14.66666667,4.666666667,11.66666667,6.333333333,,,,,,,47.4,23.6,14.8,11.4,5.4,5.6,47.8,25.6,16.8,15,8.2,6.4,90.6,42.4,16.4,#DIV/0!,16.8,6.6,,,,,,,61.93333333,30.53333333,16,#DIV/0!,10.13333333,6.2
11,6,65.8,32.2,15.6,8.2,12.4,5.2,63.66666667,32.66666667,16.66666667,5,8.333333333,6.333333333,,,,,,,47.2,23.6,14,11.8,5.4,6,42.2,24.6,14.6,15,7.6,6,93.6,43,16.4,#DIV/0!,15.6,6.4,,,,,,,61,30.4,15,#DIV/0!,9.533333333,6.133333333
11,7,65.8,32.6,17.4,7.6,11.8,4.8,68.33333333,32,16.66666667,2.666666667,7,5,,,,,,,47.8,22.8,14.2,11,6.4,6.2,48,27,17.6,15,9.4,6,93,42.2,19.2,#DIV/0!,13.2,6,,,,,,,62.93333333,30.66666667,17,#DIV/0!,9.666666667,6.066666667
11,8,58.2,32.6,21.4,7.4,12.6,4.4,43.33333333,24.66666667,18.66666667,2.666666667,8,5,,,,,,,44.4,20.4,14.6,12,7.4,6,53,27.6,18.2,15,9.2,5.6,88.4,40.6,22.8,#DIV/0!,13.6,5.6,,,,,,,61.93333333,29.53333333,18.53333333,#DIV/0!,10.06666667,5.733333333
11,9,76.4,35,22.4,7,13.6,5,64.66666667,32.66666667,25.33333333,4,12.33333333,6,,,,,,,45.6,21.8,10.4,12.4,8.6,6,51.8,27.8,21.2,15,9,5.6,79,40,22.6,#DIV/0!,14.6,5.4,,,,,,,58.8,29.86666667,18.06666667,#DIV/0!,10.73333333,5.666666667
11,10,61.4,30.6,12.2,9.2,10.4,5.6,58.66666667,30,14,5.333333333,13,6,,,,,,,43.4,21.6,10.4,12.2,9.2,5.8,53.8,28,20,15,9.4,5.8,77.2,39.4,21.8,#DIV/0!,15,5.4,,,,,,,58.13333333,29.66666667,17.4,#DIV/0!,11.2,5.666666667
11,11,62.8,31,20.4,7.8,9,5.8,59.66666667,30.66666667,20.66666667,3.666666667,10.33333333,6.666666667,,,,,,,45.6,24,12.6,12.4,9.2,5.6,54.4,28.2,20.2,15,10.4,5.8,75.8,42.8,27,#DIV/0!,15,6.6,,,,,,,58.6,31.66666667,19.93333333,#DIV/0!,11.53333333,6
11,12,66,33.2,18.8,7.2,9,6,63.66666667,34,24,4.333333333,9.333333333,7,,,,,,,51.6,24,12.4,12.2,7.4,5.2,50.6,26,16,15,10,5.4,93.8,47.4,26.8,#DIV/0!,14.4,6.8,,,,,,,65.33333333,32.46666667,18.4,#DIV/0!,10.6,5.8
11,13,70.6,31.2,11,6,8.6,4.8,76.33333333,35,11.66666667,3.333333333,10.66666667,5.333333333,,,,,,,53.4,24.8,13.8,11.6,7,5.2,45.6,26.6,15.2,15,11,5.8,92.8,45,22.8,#DIV/0!,11,7,,,,,,,63.93333333,32.13333333,17.26666667,#DIV/0!,9.666666667,6
11,14,51,24,12.4,5.6,5.4,4.6,53,24.66666667,11.66666667,3.666666667,7,5.333333333,,,,,,,54.2,23.6,17,11.6,6,5.2,50.2,28.2,12.2,15,12.2,5.6,88.4,42.2,24.4,#DIV/0!,6.8,7,,,,,,,64.26666667,31.33333333,17.86666667,#DIV/0!,8.333333333,5.933333333
11,15,43.4,26.6,13.4,8.6,7.4,5.2,46.66666667,30.33333333,19,5.666666667,7.666666667,6.333333333,,,,,,,55.8,25,17.8,12.4,6.2,5.4,50,28.6,12.8,15,12.6,5.6,82.6,40,25.2,#DIV/0!,5.2,6.8,,,,,,,62.8,31.2,18.6,#DIV/0!,8,5.933333333
11,16,57,27.6,15.2,8.4,10.2,4.6,67.66666667,29.66666667,16.66666667,3.333333333,6.666666667,5.333333333,,,,,,,57.6,23.8,15,12,5.8,6.2,53,27.8,13.6,15,12.4,5.6,73.4,35,21.2,#DIV/0!,4.6,5.8,,,,,,,61.33333333,28.86666667,16.6,#DIV/0!,7.6,5.866666667
11,17,49.6,28.4,19.8,7.4,9.8,4.8,51,27.66666667,20.66666667,3.333333333,8.333333333,5.333333333,,,,,,,52,24.8,14.2,12,5.4,6.8,50.8,28,14.2,15,12.8,6,55.6,31.2,20,#DIV/0!,3.6,5.6,,,,,,,52.8,28,16.13333333,#DIV/0!,7.266666667,6.133333333
11,18,51.2,26.4,14.4,7.6,7.4,4.4,53,25.33333333,16.33333333,3.333333333,7,5,,,,,,,53.6,24.8,10,11.4,4,7.2,52.4,27.2,15,15,14,5.4,51.8,30.8,18.2,#DIV/0!,3.6,5.4,,,,,,,52.6,27.6,14.4,#DIV/0!,7.2,6
11,19,48.6,26.8,11.2,8,8,5,45.66666667,26.66666667,11,5,8,6,,,,,,,49.6,24.2,6.6,10.8,4.2,7.4,47.6,25.8,14.6,15,13,5.4,52.8,30,15,#DIV/0!,3.2,6.2,,,,,,,50,26.66666667,12.06666667,#DIV/0!,6.8,6.333333333
11,20,52,25.2,11.4,8,8.6,6.2,54,25.66666667,10.33333333,5,8.333333333,8,,,,,,,45.6,22.6,4.4,9.6,4.4,7.4,47,25.8,14.4,15,11.6,5.2,49.8,27.2,12.4,#DIV/0!,2.4,5.8,,,,,,,47.46666667,25.2,10.4,#DIV/0!,6.133333333,6.133333333
11,21,44.8,25.4,10.6,7.4,8.4,4.4,45.33333333,24.33333333,10.33333333,3.333333333,3,5.666666667,,,,,,,41.4,21.2,4.2,8.4,4,6.6,46.8,26.2,15.8,15,9.8,5.2,45.4,24,10.8,#DIV/0!,1.6,5.8,,,,,,,44.53333333,23.8,10.26666667,#DIV/0!,5.133333333,5.866666667
11,22,44.4,23.6,14.2,5.6,10.2,4.2,45.33333333,22.33333333,10.66666667,2.333333333,2.333333333,5.666666667,,,,,,,36.4,18.4,4,8.4,4.2,6.2,47.2,26.2,15.8,15,8,4.8,39.6,21.6,12,#DIV/0!,1.2,7.8,,,,,,,41.06666667,22.06666667,10.6,#DIV/0!,4.466666667,6.266666667
11,23,41.2,24.6,14.6,6.8,9.2,6.6,36.33333333,21,15,2.333333333,3.666666667,8.666666667,,,,,,,29.6,16.6,3.8,8.8,4.4,6,47.6,26.2,15,15,7.2,5,36.8,21.8,14.6,#DIV/0!,1.4,8,,,,,,,38,21.53333333,11.13333333,#DIV/0!,4.333333333,6.333333333
11,24,41.8,28,14.8,7.6,7.8,5.2,35,24.33333333,11.66666667,3,5.666666667,5.666666667,,,,,,,29.8,16.4,3.6,9,3.6,6,49.6,27.2,14.2,15,9.2,5,36.8,22,15.8,#DIV/0!,2,7,,,,,,,38.73333333,21.86666667,11.2,#DIV/0!,4.933333333,6
11,25,49.6,25,10.2,6.2,6.6,3.6,47.66666667,23.66666667,10.66666667,3,7.333333333,3.666666667,,,,,,,31.2,16.2,3.6,8,2.6,6,50,27.6,14.4,15,11.2,5,34.6,22.8,15.6,#DIV/0!,2.2,7.2,,,,,,,38.6,22.2,11.2,#DIV/0!,5.333333333,6.066666667
11,26,38,21.6,9.8,5,5.8,4.6,36.66666667,22.66666667,8.333333333,3.333333333,7,5.333333333,,,,,,,29.6,16.4,4.4,7.4,2.4,6,50.6,28,12.6,15,11.2,5,35.4,25.2,14.8,#DIV/0!,2.8,7.2,,,,,,,38.53333333,23.2,10.6,#DIV/0!,5.466666667,6.066666667
11,27,34,22.2,11.4,4.6,5.2,4,36,24,9.333333333,3,7,5.333333333,,,,,,,31.2,17.4,4.6,7,2.2,5.75,51.8,27.4,12.4,15,10.4,5.25,38.2,26.4,12.4,#DIV/0!,3,5,,,,,,,40.4,23.73333333,9.8,#DIV/0!,5.2,5.333333333
11,28,37.6,23.2,9,4.8,2.6,4.2,42.33333333,23.33333333,7.666666667,2.666666667,2.666666667,5,,,,,,,33.4,19.4,4.8,6.6,2,5.5,48.6,26.2,12.4,15,7.8,5.2,37.4,25.2,11.2,#DIV/0!,2.6,4.8,,,,,,,39.8,23.6,9.466666667,#DIV/0!,4.133333333,5.166666667
11,29,37.6,21,10.8,4.2,5.2,3.6,38,21,9.333333333,1.333333333,2,3.666666667,,,,,,,35.2,21.4,7.2,8.8,2,5.25,45.4,24.4,13.2,15,4.8,5.2,34.6,25.2,12.2,#DIV/0!,2.2,4.8,,,,,,,38.4,23.66666667,10.86666667,#DIV/0!,3,5.083333333
11,30,34,21.4,12.4,5.4,4.4,4.8,35,22,13.66666667,2,2,5.333333333,,,,,,,39.4,24.8,9.4,12.8,2.4,5.2,42.4,22.6,11.4,15,2.4,5.4,36.2,24.6,12.6,#DIV/0!,2.2,4.8,,,,,,,39.33333333,24,11.13333333,#DIV/0!,2.333333333,5.133333333
12,1,35.8,19.4,10.8,5.6,3.6,4.4,36.66666667,20.33333333,10.66666667,2.666666667,1.666666667,5,,,,,,,47.6,26.4,13.6,16.6,4,5,39.4,22.2,13.2,15,2.4,5.6,34.6,23.6,13.6,#DIV/0!,1.6,4.8,,,,,,,40.53333333,24.06666667,13.46666667,#DIV/0!,2.666666667,5.133333333
12,2,32.8,22.8,10,5.6,4.8,4.8,32,22.66666667,8.333333333,2.333333333,1.666666667,5.333333333,,,,,,,51.4,27.4,15.2,19.2,5.6,4.8,38.8,21.8,14,15,2.6,5.4,34.6,26.6,15.6,#DIV/0!,1.4,5.2,,,,,,,41.6,25.26666667,14.93333333,#DIV/0!,3.2,5.133333333
12,3,40.6,32.2,16.6,8.4,6.4,4.8,40.33333333,31,18,6.333333333,2.333333333,5.666666667,,,,,,,51.4,26.8,17.2,20,5.8,4.6,39,22.4,13,15,2.8,5.8,39.4,30.2,16.6,#DIV/0!,1.4,5.6,,,,,,,43.26666667,26.46666667,15.6,#DIV/0!,3.333333333,5.333333333
12,4,51.8,31.4,14.4,8.2,4.8,4.4,52,32,16,8,3,5.666666667,,,,,,,48,24,16.6,19.4,5.6,4.6,42.6,24,12.8,15,3.8,6,43.4,32.8,17.8,#DIV/0!,1.2,5.8,,,,,,,44.66666667,26.93333333,15.73333333,#DIV/0!,3.533333333,5.466666667
12,5,50.2,30.6,19.2,9.6,5.6,5.4,55.66666667,30,21,8.333333333,4.666666667,6,,,,,,,44.4,24,19.8,17.6,5.2,4.6,48,25.6,13.4,15,5.2,5.8,47.2,35.6,20.6,#DIV/0!,1,6,,,,,,,46.53333333,28.4,17.93333333,#DIV/0!,3.8,5.466666667
12,6,52.8,27.4,17,7.6,6,4.4,55.33333333,29.33333333,17.66666667,7,5.666666667,5.333333333,,,,,,,44.2,25,18.8,15.8,3.6,4.6,48.6,25.4,13,15,5.4,5.8,51.8,37.4,22.2,#DIV/0!,1.2,6.2,,,,,,,48.2,29.26666667,18,#DIV/0!,3.4,5.533333333
12,7,43.6,25.2,15.2,5.4,4.4,4.2,48.66666667,27.33333333,15.33333333,3.666666667,4.666666667,5,,,,,,,43.6,25.2,20,15.8,1.8,5,49,25.2,12.4,15,5.2,5.6,51.4,33,21.8,#DIV/0!,1.2,6,,,,,,,48,27.8,18.06666667,#DIV/0!,2.733333333,5.533333333
12,8,38.2,19.8,14,6.2,3,4.4,35,18.66666667,15.66666667,5.333333333,2.333333333,5.333333333,,,,,,,46.8,26,21.6,17.6,1.6,5.4,48.8,24.8,11.8,15,5.6,5.2,45,29.6,20.2,#DIV/0!,1.2,5.8,,,,,,,46.86666667,26.8,17.86666667,#DIV/0!,2.8,5.466666667
12,9,35,23.8,16.6,6.6,2.4,4.6,36,26,17.66666667,5,2,5,,,,,,,52,28.6,25.2,18.8,2,5.4,46.4,23.8,11.2,15,5.4,5,44,27,17,#DIV/0!,1.2,5.6,,,,,,,47.46666667,26.46666667,17.8,#DIV/0!,2.866666667,5.333333333
12,10,46.6,24.8,12.6,6.4,2.6,4.4,53.33333333,26.66666667,13,5.333333333,2.666666667,5,,,,,,,56.6,27.4,23.8,20,2.6,5.2,43.4,23,10.4,15,4.4,5,38.4,24.6,15.4,#DIV/0!,1.2,5.2,,,,,,,46.13333333,25,16.53333333,#DIV/0!,2.733333333,5.133333333
12,11,40.4,22,15.8,6.6,2.2,4.4,41,24,16,7,2.333333333,5,,,,,,,54.6,25.4,22.8,20.2,2.6,5.2,42.6,22.2,9.8,15,4.2,4.6,36.8,24.6,14,#DIV/0!,1,4.8,,,,,,,44.66666667,24.06666667,15.53333333,#DIV/0!,2.6,4.866666667
12,12,41.2,24,15,6.6,2.4,4.4,46.33333333,27.33333333,14.33333333,6.666666667,2.333333333,5,,,,,,,55,25,23.6,17.8,2.8,5,39.6,22.6,11.2,15,4.2,4.6,38.4,24.6,12,#DIV/0!,1,4.8,,,,,,,44.33333333,24.06666667,15.6,#DIV/0!,2.666666667,4.8
12,13,43.6,21.8,17.4,8,2.8,4.2,45,21.66666667,17.33333333,7.333333333,2.666666667,4.666666667,,,,,,,52.4,25.4,25.4,15.6,2.6,4.8,40.6,22.6,14.4,15,4.2,4.4,38.8,23.2,10.8,#DIV/0!,1,4.6,,,,,,,43.93333333,23.73333333,16.86666667,#DIV/0!,2.6,4.6
12,14,39.8,24.4,16.6,7.8,3,4,39.33333333,22.33333333,15.66666667,7,3,4.333333333,,,,,,,53,26.2,24.6,13.8,2.4,4.8,39.4,22.8,16.6,15,4.8,4.4,33.8,21.6,11.2,#DIV/0!,1,4.4,,,,,,,42.06666667,23.53333333,17.46666667,#DIV/0!,2.733333333,4.533333333
12,15,50.2,25.6,18.2,8,3.2,4,43.33333333,20.66666667,17.33333333,5.666666667,2.666666667,4.333333333,,,,,,,51,25.4,25.2,12.2,1.6,5.2,39.6,23.2,19.6,15,5.8,4.2,34,21,8.2,#DIV/0!,1.2,4.4,,,,,,,41.53333333,23.2,17.66666667,#DIV/0!,2.866666667,4.6
12,16,50,27.6,16.2,5.8,4.2,4.2,40,22.66666667,16,3,4,4.666666667,,,,,,,50.4,26.6,27.8,10.6,1.4,5.2,40.8,24.6,21.8,15,6.2,4.2,31.8,19.4,7.6,#DIV/0!,1.4,4.8,,,,,,,41,23.53333333,19.06666667,#DIV/0!,3,4.733333333
12,17,47,28,20.4,4.8,3.2,4.2,38.66666667,26,21.33333333,3,4,5,,,,,,,50.6,27.2,28.6,11.8,1.4,5.2,46.6,25.6,22.8,15,6.8,4.4,31,20.2,8.6,#DIV/0!,1.6,4.8,,,,,,,42.73333333,24.33333333,20,#DIV/0!,3.266666667,4.8
12,18,49,28.8,22,5.8,3,4,46.66666667,26.66666667,21.33333333,4.333333333,3.333333333,4.666666667,,,,,,,53.6,26,28.6,12.4,1.8,5.2,45.6,25.6,21.4,15,6.8,4.4,31.6,21.6,9.8,#DIV/0!,1.8,4.6,,,,,,,43.6,24.4,19.93333333,#DIV/0!,3.466666667,4.733333333
12,19,49,25.8,22.6,4.8,2.6,4.4,46.66666667,25,20.33333333,4.333333333,3,5,,,,,,,49.4,23.6,27,11.6,2,5,46.4,26.6,21.6,15,5.8,4.4,34.4,23.4,9.2,#DIV/0!,1.8,4.6,,,,,,,43.4,24.53333333,19.26666667,#DIV/0!,3.2,4.666666667
12,20,44.6,24.4,22.6,4.6,2.2,4.2,45.33333333,25.66666667,18.33333333,3,2.333333333,4.333333333,,,,,,,44.8,22.6,25.2,11.4,2.2,4.75,49.4,29.2,25.8,15,4.6,4.8,36.8,23,10.6,#DIV/0!,1.6,4.6,,,,,,,43.66666667,24.93333333,20.53333333,#DIV/0!,2.8,4.716666667
12,21,45.2,26,21.6,7.4,3.2,4.4,45.66666667,24.66666667,20,5,2,4.666666667,,,,,,,42.2,20.6,22.4,12.4,2.6,4.75,57.6,32,27.6,15,4.8,5.2,35.8,21.8,11.2,#DIV/0!,1.4,4.2,,,,,,,45.2,24.8,20.4,#DIV/0!,2.933333333,4.716666667
12,22,51,28,25,6.4,5,5.2,47,26.33333333,29.33333333,4,2.333333333,5,,,,,,,36.4,19,20.8,13.4,3,4.75,61.8,33.4,29.4,15,5.2,5.2,36,22.2,11.2,#DIV/0!,1.25,4,,,,,,,44.73333333,24.86666667,20.46666667,#DIV/0!,3.15,4.65
12,23,53.2,25.6,18.2,4.6,4,4.4,53.66666667,28,21.66666667,3,3.333333333,3.333333333,,,,,,,34.4,18.4,18.4,14,3.2,4.5,65.2,34.4,31.6,15,5.2,5.4,37.4,22.4,12,#DIV/0!,1.25,4,,,,,,,45.66666667,25.06666667,20.66666667,#DIV/0!,3.216666667,4.633333333
12,24,44.6,23.2,19.2,4.4,3.2,2.6,48.33333333,26,21.66666667,4,4,1.666666667,,,,,,,34.4,18.8,17.6,14.4,3,4.5,67.2,33.4,32.2,15,5.4,5.4,38.2,22.6,13,#DIV/0!,1.25,4,,,,,,,46.6,24.93333333,20.93333333,#DIV/0!,3.216666667,4.633333333
12,25,42.4,21.6,17.4,5.4,2.4,3.6,48,24.33333333,19,4.666666667,3,3.333333333,,,,,,,38.2,19.4,16.2,14,3,4.4,65.4,31.2,29.8,15,5.4,5.4,39.2,24,14,#DIV/0!,1.25,3.5,,,,,,,47.6,24.86666667,20,#DIV/0!,3.216666667,4.433333333
12,26,35.2,20.6,18,7,2.4,4.4,41,22.66666667,20,6.666666667,3,4.333333333,,,,,,,38.2,22.4,14,13.4,2.6,4.4,60.2,28.6,28,15,4.8,5.4,42.6,26,14,#DIV/0!,1.5,3.5,,,,,,,47,25.66666667,18.66666667,#DIV/0!,2.966666667,4.433333333
12,27,39.2,22.8,16.8,6.6,2.4,4.6,46.33333333,25,21.33333333,5,3,4.666666667,,,,,,,38.2,20.6,14,12,2.2,4,55.4,27.4,27,15,4,5.4,44.8,27.8,15.4,#DIV/0!,1.4,3.5,,,,,,,46.13333333,25.26666667,18.8,#DIV/0!,2.533333333,4.3
12,28,44.2,23.6,15.2,5.4,2,3.8,48.66666667,27.33333333,19.66666667,3.666666667,2.333333333,3.333333333,,,,,,,32.6,19.2,11.8,11.8,1.6,4.2,55.2,27.25,27.25,15,3.75,5.5,48,28.75,15.5,#DIV/0!,1.25,3.5,,,,,,,45.26666667,25.06666667,18.18333333,#DIV/0!,2.2,4.4
12,29,47.6,21.2,15,5.4,1.4,3.4,52,17,12.66666667,3.333333333,2,3,,,,,,,31.4,19.8,11.8,13.2,1.6,4.6,56.75,26.5,27.75,15,3.25,5.75,49,28.25,16.5,#DIV/0!,1.25,3.333333333,,,,,,,45.71666667,24.85,18.68333333,#DIV/0!,2.033333333,4.561111111
12,30,44.5,19.75,13,8.25,1,2.75,49.5,17,3.5,5.5,0.5,2.5,,,,,,,31.8,19.8,11.4,14.2,1.6,4.8,53,26,29.5,15,3,5.75,46.75,28.75,15.75,#DIV/0!,1.25,3.666666667,,,,,,,43.85,24.85,18.88333333,#DIV/0!,1.95,4.738888889
12,31,19.8,19.8,19.8,8.8,1,2.4,10,18.33333333,21,4.333333333,1.666666667,4,,,,,,,30.4,17,11.4,15.4,2,4.8,52.5,27.25,31.25,15,2.5,6,45.75,29,15.5,#DIV/0!,1,3.5,,,,,,,42.88333333,24.41666667,19.38333333,#DIV/0!,1.833333333,4.766666667
