Month,Day,avg5y_pm25,avg5y_pm10,avg5y_o3,avg5y_no2,avg5y_temp,avg5y_co,avg3y_pm25,avg3y_pm10,avg3y_o3,avg3y_no2,avg3y_temp,avg3y_co,2020_pm25,2020_pm10,2020_o3,2020_no2,2020_temp,2020_co,avg5d_2017_pm25,avg5d_2017_pm10,avg5d_2017_o3,avg5d_2017_no2,avg5d_2017_temp,avg5d_2017_co,avg5d_2018_pm25,avg5d_2018_pm10,avg5d_2018_o3,avg5d_2018_no2,avg5d_2018_temp,avg5d_2018_co,avg5d_2019_pm25,avg5d_2019_pm10,avg5d_2019_o3,avg5d_2019_no2,avg5d_2019_temp,avg5d_2019_co,avg5d_2020_pm25,avg5d_2020_pm10,avg5d_2020_o3,avg5d_2020_no2,avg5d_2020_temp,avg5d_2020_co,avg3y_avg5d_pm25,avg3y_avg5d_pm10,avg3y_avg5d_o3,avg3y_avg5d_no2,avg3y_avg5d_temp,avg3y_avg5d_co
1,1,210,99.75,16,30.75,0,15.75,234.3333333,113.3333333,15.33333333,30.33333333,0,17,93,64,5,31,0,11,281.8,258.6,8.4,48.6,0,39.6,154.2,69.6,16.8,27.8,0,14,51.2,39.6,17.6,13.6,0,5.2,110.2,69.2,11.2,28.4,0,10.6,162.4,122.6,14.26666667,30,0,19.6
1,2,150,137,9,45.5,0,28.75,159,136,10.66666667,42.33333333,0,27,132,51,9,33,0,11,312,301.4,7,58.4,0,48.2,135.4,51,17.2,20.8,0,9.2,68.2,49.8,14.4,21.4,0,8.8,111,71,8.8,32.2,0,12.2,171.8666667,134.0666667,12.86666667,33.53333333,0,22.06666667
1,3,220.6,123.6,17.4,34.4,0,24,210,150.6666667,16.66666667,32.33333333,0,26,124,45,23,27,0,9,367.8,334.4,7.4,62.2,0,54,97.6,38.8,16.8,17.8,0,6.2,102.2,50,15.8,22.2,0,9.4,123.6,65.4,12.2,31.2,0,12.2,189.2,141.0666667,13.33333333,34.06666667,0,23.2
1,4,177.6,81,20,29,0,18.2,182.6666667,82.66666667,14.66666667,30.66666667,0,21,98,63,5,32,0,13,391.6,301.4,7.6,59.2,0,53,73.4,38.4,17.2,18.8,0,6.8,107.8,50.2,16.4,22.8,0,10,119.8,61,12.4,30.8,0,11.8,190.9333333,130,13.73333333,33.6,0,23.26666667
1,5,130.2,62.2,16.2,30,0,15.4,140.6666667,80,10,35.66666667,0,21.66666667,152,21,12,25,0,9,372,245.2,7.4,58,0,50.4,73.4,33,18.6,18.4,0,5.6,110.6,59.4,14.4,26.4,0,11.6,119.8,48.8,10.8,29.6,0,10.6,185.3333333,112.5333333,13.46666667,34.26666667,0,22.53333333
1,6,128.4,66.8,16.4,27.6,0,14.6,158,82.33333333,16.33333333,29.33333333,0,17.66666667,149,19,24,11,0,3,331.8,225,4.6,57,0,51,61.6,35.2,19.2,20,0,5.8,116.8,58.8,17.2,25.2,0,11.2,131,39.8,14.6,25.6,0,9,170.0666667,106.3333333,13.66666667,34.06666667,0,22.66666667
1,7,99,60.5,19,23,0,11,101.5,38.5,26,8.5,0,3,57,24,28,14,0,4,292.6,178.8,7,45.4,0,41.2,66,40,19.8,19.2,0,5.4,112.2,44.2,21.8,18.8,0,7.6,116,34.4,18.4,21.8,0,7.6,156.9333333,87.66666667,16.2,27.8,0,18.06666667
1,8,95.8,58.4,18.8,25.2,0,9.6,59.33333333,47.33333333,19,16.33333333,0,5.333333333,63,32,16,25,0,6,231.4,109,10,35.4,0,29,67.6,41.4,21.6,17,0,5.2,81.4,48,19.2,21.8,0,7.6,103.8,31.8,17,21.4,0,7,126.8,66.13333333,16.93333333,24.73333333,0,13.93333333
1,9,103.8,66.4,15.4,31,0,13.6,76.33333333,48.66666667,18,20,0,7,127,33,27,19,0,5,158.2,88,10.6,33.2,0,22.4,64.2,36.4,23.2,12.4,0,3.8,93,59,16,26.2,0,9,109.6,25.8,21.4,18.8,0,5.4,105.1333333,61.13333333,16.6,23.93333333,0,11.73333333
1,10,126.8,46.6,18,24.6,0,8.4,88,59.33333333,13.33333333,29.66666667,0,11,83,20,23,12,0,3,131.8,69.2,14.6,28,0,14.4,51.8,36.2,23.6,11,0,3.8,115.8,62.6,16.8,27,0,9.4,95.8,25.6,23.6,16.2,0,4.2,99.8,56,18.33333333,22,0,9.2
1,11,99.4,80.2,15.6,34.2,0,13,123.6666667,99.66666667,12.33333333,40.33333333,0,15,47,27,21,17,0,4,95.6,45.6,19.4,22.4,0,8,50.6,36.8,20.8,13.8,0,4.4,123.6,90.8,13.2,33.6,0,12.6,75.4,27.2,23,17.4,0,4.4,89.93333333,57.73333333,17.8,23.26666667,0,8.333333333
1,12,146.2,95.4,17.2,32.4,0,14.6,167.3333333,104.3333333,20.33333333,29.66666667,0,12,67,22,27,8,0,4,87.8,42.6,20.4,24,0,8.2,52.2,42.6,17.2,21.2,0,7.2,161,127.4,13.2,38,0,15,77.4,26.8,22.8,16.2,0,4.4,100.3333333,70.86666667,16.93333333,27.73333333,0,10.13333333
1,13,141,98.8,16.2,39.2,0,17.6,134,82.33333333,21,34.66666667,0,14,51,26,23,15,0,3,84.6,46,19.2,25.6,0,9,74.6,54.2,16.4,27.2,0,9.8,191.2,139.8,14.2,41.4,0,17.4,75,25.6,24.2,14.2,0,3.8,116.8,80,16.6,31.4,0,12.06666667
1,14,176.2,111.8,14.4,33.6,0,18.2,150.3333333,54,19,19.33333333,0,7,62,54,12,29,0,8,95.2,49.4,18.8,25.2,0,9.4,105,58.2,14.8,31.2,0,11,208.4,135.6,17.6,35.4,0,15.4,62,29.8,21.2,16.2,0,4.4,136.2,81.06666667,17.06666667,30.6,0,11.93333333
1,15,166.4,86.8,15.8,27.8,0,12.8,84,84.66666667,14.33333333,28,0,9.666666667,127,48,25,24,0,9,100.2,60.6,15.8,28.2,0,12,116.8,76,15,33,0,11.2,183.6,129.6,18.4,33,0,14,70.8,35.4,21.6,18.6,0,5.6,133.5333333,88.73333333,16.4,31.4,0,12.4
1,16,147.2,67.4,18.2,28.2,0,11.2,135.3333333,79.33333333,15,32.66666667,0,13.66666667,107,73,10,34,0,15,120,65.6,13.4,31.2,0,12.8,132.4,78.8,18.4,30.2,0,11,170,103.4,19.6,28.2,0,10.8,82.8,44.6,19.4,22,0,7.8,140.8,82.6,17.13333333,29.86666667,0,11.53333333
1,17,127.8,67,17.8,30,0,10.2,144,65.33333333,9.666666667,36.66666667,0,10.33333333,165,119,9,34,0,21,135.2,72.6,14.2,30.2,0,13.4,130.6,77,18.6,30,0,9.8,138,76.8,15.4,29.6,0,10.2,102.4,64,15.8,27.2,0,11.2,134.6,75.46666667,16.06666667,29.93333333,0,11.13333333
1,18,112.6,63.2,20.6,28.4,0,11.4,130,65,21.66666667,25.66666667,0,10.33333333,251,58,28,11,0,5,144.6,67.8,15.8,28.6,0,12.4,120.6,78.4,16.8,32.4,0,10.2,130.4,58,16.8,22.8,0,7,142.4,70.4,16.8,26.4,0,11.6,131.8666667,68.06666667,16.46666667,27.93333333,0,9.866666667
1,19,113,59.2,16.8,26.8,0,13.8,105.3333333,38,22,18.66666667,0,5.333333333,94,26,25,8,0,3,132.6,60.4,20,24.8,0,9.8,115.2,81.2,16,33.4,0,10.2,99.4,50.4,17.8,23,0,7,148.8,64.8,19.4,22.2,0,10.6,115.7333333,64,17.93333333,27.06666667,0,9
1,20,116,53,20.2,22.2,0,10.2,68,50.66666667,21.66666667,20.33333333,0,7.333333333,40,54,20,21,0,8,113.8,46.2,22,21,0,6.8,117.4,70.8,13.8,33.4,0,11.6,99.6,47.8,20.2,22.2,0,6.8,131.4,66,18.4,21.6,0,10.4,110.2666667,54.93333333,18.66666667,25.53333333,0,8.4
1,21,104.8,49.6,21.2,23.2,0,9,89.33333333,45.33333333,22.33333333,20.66666667,0,7,132,60,17,26,0,11,89.8,45.2,22.8,20,0,6.8,115.2,65.4,14.4,30.8,0,10.6,93,47,22,21.4,0,6.8,136.4,63.4,19.8,20,0,9.6,99.33333333,52.53333333,19.73333333,24.06666667,0,8.066666667
1,22,93,60.8,19.8,25.2,0,11.6,80.66666667,38.66666667,22.66666667,18,0,6,158,51,31,18,0,9,86.8,48.6,18.8,23,0,9.6,107,56.8,18,23.8,0,9.2,87.2,40.6,25.4,18.2,0,5.6,135,49.8,24.2,16.8,0,7.2,93.66666667,48.66666667,20.73333333,21.66666667,0,8.133333333
1,23,107.2,60.8,17.4,25,0,12.2,71,59.33333333,15.66666667,25.33333333,0,13.66666667,126,62,33,8,0,6,99.4,67.8,16,27.2,0,14.8,91.8,43.2,20.6,17.2,0,6.4,70,47.4,23.2,21.6,0,7.6,110,50.6,25.2,16.2,0,7.4,87.06666667,52.8,19.93333333,22,0,9.6
1,24,113.25,53,21.75,21.5,0,11.5,135,61,21.33333333,21.66666667,0,13.66666667,154,99,31,14,0,8,135.4,84.8,11.8,29.4,0,19,70.2,35.4,23.8,14.2,0,5.8,96.8,49.8,22.4,22.2,0,8,122,65.2,26.4,17.4,0,8.4,100.8,56.66666667,19.33333333,21.93333333,0,10.93333333
1,25,117.4,54.8,15.8,22.2,0,10.8,109.6666667,66.33333333,9,23,0,11,206,108,31,21,0,16,168.2,92.6,13.8,27.4,0,18.8,57.2,30.6,23.8,15,0,4,98.8,47,19,20.8,0,7.8,155.2,76,28.6,17.4,0,10,108.0666667,56.73333333,18.86666667,21.06666667,0,10.2
1,26,122.4,68.6,20,27,0,10.4,130.6666667,78,19.66666667,25.33333333,0,9.333333333,0,0,0,0,0,0,172,150.2,11.6,28.2,0,21.4,52.2,36.6,19.2,20.2,0,5.4,95.8,52.8,20,20.4,0,8,161,80,31.5,15.25,0,9.75,106.6666667,79.86666667,16.93333333,22.93333333,0,11.6
1,27,129.2,117,20.4,23.8,0,12.8,133,143.6666667,19.66666667,16.66666667,0,9.666666667,0,0,0,0,0,0,235.2,143.4,15.6,22.8,0,18.2,72.6,41.2,19.8,20.4,0,5.2,103,53.6,19.8,18.6,0,7.8,162,89.66666667,31.66666667,14.33333333,0,10,136.9333333,79.4,18.4,20.6,0,10.4
1,28,171.2,63.2,21.2,20.8,0,10,179.3333333,67.66666667,21,18.66666667,0,8.666666667,245,38,34,17,0,12,221,124.6,19.4,16.8,0,12.8,72.8,45.2,20.2,19.8,0,5,104.6,61.4,18.6,20.6,0,8.2,201.6666667,81.66666667,32,17.33333333,0,12,132.8,77.06666667,19.4,19.06666667,0,8.666666667
1,29,117.4,40,26.8,15,0,5.8,106.3333333,44,27,12.33333333,0,4.666666667,154,50,35,15,0,8,186.8,111.8,23.2,14.8,0,9.6,70.4,47.4,20,19.8,0,4.6,104,67.8,18.4,21,0,8.6,201.6666667,65.33333333,33.33333333,17.66666667,0,12,120.4,75.66666667,20.53333333,18.53333333,0,7.6
1,30,71,40.6,26.2,15.6,0,5.6,64.33333333,50.33333333,26,13.33333333,0,5.666666667,133,41,33,17,0,9,170.6,104.2,22.6,14.2,0,9,72.2,52.4,22.6,17.6,0,4.6,109.2,66,22.2,19.4,0,8.6,177.3333333,43,34,16.33333333,0,9.666666667,117.3333333,74.2,22.46666667,17.06666667,0,7.4
1,31,82,53.2,23.8,22,0,7.6,91,58.66666667,25.66666667,19,0,6,120,14,32,4,0,3,163.4,53.8,24.4,14.8,0,7.2,69,51,27,14,0,3.4,104.8,63.4,22,19.8,0,8.4,163,35.75,33.5,13.25,0,8,112.4,56.06666667,24.46666667,16.2,0,6.333333333
2,1,97.2,71,17.8,26.8,0,11.8,94.33333333,70.33333333,18.33333333,21.66666667,0,9.666666667,30,25,28,5,0,3,114,68.4,23,21,0,10,53.4,47,27,13.4,0,3.6,104.4,73.8,19.4,22.8,0,10,136.4,33.6,32.4,11.6,0,7,90.6,63.06666667,23.13333333,19.06666667,0,7.866666667
2,2,136.6,66.8,27,22.6,0,10.2,130.3333333,86.33333333,28,17.66666667,0,9.333333333,85,24,29,6,0,2,141,102.6,22,27.4,0,15,53.2,41.6,26.6,12.6,0,3.4,124.6,75.8,25.4,16.8,0,7.8,104.4,30.8,31.4,9.4,0,5,106.2666667,73.33333333,24.66666667,18.93333333,0,8.733333333
2,3,127.6,73.8,27.6,19.4,0,9.8,121.6666667,105.6666667,25.33333333,24.66666667,0,13.66666667,79,19,29,6,0,2,194.6,93,24,25.4,0,13.8,52.6,42,25.6,13.4,0,3.6,107.4,78.2,26.4,17,0,8,89.4,24.6,30.2,7.6,0,3.8,118.2,71.06666667,25.33333333,18.6,0,8.466666667
2,4,124.2,51.4,29.4,11,0,4.2,172.6666667,66,27.66666667,8.666666667,0,4.333333333,38,33,19,10,0,6,171,90,24.8,25.4,0,13.8,56,34.6,25.8,11.8,0,3.4,115.4,104.6,25.2,17.8,0,8.6,70.4,23,27.4,6.2,0,3.2,114.1333333,76.4,25.26666667,18.33333333,0,8.6
2,5,74.6,49.8,24.8,21.6,0,8.6,84.33333333,49,25,15,0,7.333333333,87,31,17,10,0,10,165.6,87.8,25.2,24.2,0,13.4,49.4,30.4,24.6,12.6,0,3.6,141.6,106,25.2,14.6,0,9.2,63.8,26.4,24.4,7.4,0,4.6,118.8666667,74.73333333,25,17.13333333,0,8.733333333
2,6,101.2,45.4,31.2,15.2,0,6.6,92.66666667,48.33333333,28.66666667,15,0,7,119,2,18,16,0,10,162.6,70.2,27.6,19.2,0,10.4,51,33.2,25.2,14.8,0,4.4,144.4,92.2,30.4,9.6,0,7.2,81.6,21.8,22.4,9.6,0,6,119.3333333,65.2,27.73333333,14.53333333,0,7.333333333
2,7,85.4,69.4,29.4,17.6,0,6.8,91.33333333,46.66666667,27,17,0,6.666666667,160,24,31,17,0,9,133.2,35.2,28.6,12.2,0,5,59.8,41,24.2,18.8,0,5.8,115.2,78.2,28.4,10.2,0,7.2,96.6,21.8,22.8,11.8,0,7.4,102.7333333,51.46666667,27.06666667,13.73333333,0,6
2,8,117,54.4,27.4,18.6,0,7.8,98,46,28.66666667,10.66666667,0,4,0,0,0,0,0,0,71.6,36.8,27.2,11.6,0,4.6,78.4,51.6,25.6,18.8,0,6.4,111.8,66.8,28,8.8,0,6.2,101,22.5,21.25,13.25,0,8.75,87.26666667,51.73333333,26.93333333,13.06666667,0,5.733333333
2,9,95.2,57,23.6,22,0,11.4,59.33333333,32.66666667,25.66666667,7.333333333,0,2.666666667,0,0,0,0,0,0,70,48,26.4,13.8,0,5.2,88.2,54.8,26.2,18.8,0,6.6,95.6,42,27.6,8.6,0,5.4,122,19,22,14.33333333,0,9.666666667,84.6,48.26666667,26.73333333,13.73333333,0,5.733333333
2,10,109,72.6,27.4,19.8,0,10.8,54.66666667,66,27.33333333,13.33333333,0,4.333333333,0,0,0,0,0,0,79,58,24.8,16.6,0,7.8,91.2,60,28,14.4,0,5.6,76.4,35.8,28,9.8,0,4,139.5,13,24.5,16.5,0,9.5,82.2,51.26666667,26.93333333,13.6,0,5.8
2,11,111.8,70,23.6,21.8,0,11.6,80.66666667,72,21,19,0,10.66666667,0,0,0,0,0,0,91,69.6,23.2,20.8,0,10.4,80.8,61,27.8,12.4,0,4.6,70.6,39,25.2,11.4,0,4.6,160,24,31,17,0,9,80.8,56.53333333,25.4,14.86666667,0,6.533333333
2,12,127.8,57.8,25.8,26.2,0,12,114,67,24.33333333,28,0,12.33333333,0,0,0,0,0,0,107,87.8,19,27.4,0,14.6,73.2,63.6,27.8,14.2,0,5.2,79.8,37,25.2,12,0,4.8,160,24,31,17,0,9,86.66666667,62.8,24,17.86666667,0,8.2
2,13,105,55.5,22.5,18.25,0,9.5,124.3333333,69.66666667,20.33333333,22.33333333,0,11.66666667,0,0,0,0,0,0,147.6,109.6,17,37.2,0,20,74,54,28.2,13,0,4.6,78.8,42.6,24,13.6,0,5.8,160,24,31,17,0,9,100.1333333,68.73333333,23.06666667,21.26666667,0,10.13333333
2,14,154.2,86.8,23.2,28.6,0,16,141.3333333,68.33333333,26.33333333,23.66666667,0,11.33333333,112,11,30,2,0,2,198,105.4,17.4,39.2,0,21.4,63.6,55.8,29,14.2,0,4.8,97.8,40.4,25.6,12.4,0,5.4,112,11,30,2,0,2,119.8,67.2,24,21.93333333,0,10.53333333
2,15,161.2,52.6,30,17,0,9,142,60,30.33333333,17,0,7.666666667,29,7,32,2,0,2,214,88.8,21.8,34,0,17.6,73.8,62.2,30.2,16.6,0,5.8,89.6,34.6,25.8,10.2,0,5,70.5,9,31,2,0,2,125.8,61.86666667,25.93333333,20.26666667,0,9.466666667
2,16,114.8,40,26.4,15.8,0,6.4,122.6666667,42.66666667,27.33333333,13.33333333,0,6.333333333,18,12,31,5,0,2,184.4,86.6,21,33.2,0,16.4,97.8,66.4,28.6,19,0,7.8,74.8,29.4,26.8,9.6,0,4.2,53,10,31,3,0,2,119,60.8,25.46666667,20.6,0,9.466666667
2,17,93,59.6,28,22,0,9.2,91.33333333,71.66666667,23.66666667,27.33333333,0,12.33333333,27,21,29,17,0,3,184.6,82,25.8,30,0,13.6,121.2,69.2,31.4,16.8,0,8.6,67.4,31.6,24.4,12.2,0,4.6,46.5,12.75,30.5,6.5,0,2.25,124.4,60.93333333,27.2,19.66666667,0,8.933333333
2,18,118.8,91.6,30,20.2,0,11,148.6666667,95.33333333,30,22.66666667,0,13.33333333,55,32,29,20,0,10,168.6,60.8,28.4,21,0,8.6,131.4,82.6,30.8,18.6,0,11.8,71.6,38.2,26,13.8,0,5.2,48.2,16.6,30.2,9.2,0,3.8,123.8666667,60.53333333,28.4,17.8,0,8.533333333
2,19,145.5,28.5,32.5,11,0,4.5,175.6666667,33.33333333,32.66666667,11.66666667,0,5,0,0,0,0,0,0,118.6,61.8,25.6,19.2,0,7.8,159.6,81.4,31.2,18.6,0,12.2,80,39.6,26.8,15.6,0,6,32.25,18,30.25,11,0,4.25,119.4,60.93333333,27.86666667,17.8,0,8.666666667
2,20,96.2,98.8,27.8,21.6,0,10.4,78.33333333,53.66666667,29.33333333,21,0,8.333333333,176,84,33,12,0,7,114.4,60.4,24,19.8,0,8.6,161,70.4,31.4,18.8,0,12,90.4,45.8,28.8,19.6,0,7.4,69,37.25,30.5,13.5,0,5.5,121.9333333,58.86666667,28.06666667,19.4,0,9.333333333
2,21,162,81.8,29.2,18,0,8,144.6666667,48.33333333,28.66666667,19.66666667,0,8.666666667,135,14,35,5,0,2,129.6,49,26.4,16.4,0,6.8,150.8,64.4,33.8,18,0,10.4,118,56.6,28.8,23.6,0,9.6,98.25,37.75,31.5,13.5,0,5.5,132.8,56.66666667,29.66666667,19.33333333,0,8.933333333
2,22,125,53.8,33.2,19.2,0,7.6,130.3333333,60.66666667,36,23.33333333,0,9.666666667,25,47,24,19,0,5,108,37,25.8,16.2,0,6.2,129.8,57.2,33,16.8,0,8.4,147.2,68.6,34.6,25.8,0,11.8,97.75,44.25,30.25,14,0,6,128.3333333,54.26666667,31.13333333,19.6,0,8.8
2,23,105.6,58.4,28,22.4,0,9.6,122,42.66666667,30.66666667,20.33333333,0,7.333333333,110,73,25,18,0,9,92.4,34.8,26.4,17.4,0,6.4,108.8,48.6,32.8,14.6,0,5.6,173.8,57.6,35.8,26.8,0,11.6,111.5,54.5,29.25,13.5,0,5.75,125,47,31.66666667,19.6,0,7.866666667
2,24,123.6,44.4,29.6,19.4,0,6.6,105.3333333,44.66666667,30.66666667,20,0,6.666666667,150,60,30,11,0,8,93.2,29.6,29.4,17.4,0,5.8,86.6,52,31.4,16.4,0,5.8,169.4,63.2,35.4,28.8,0,12.2,119.2,55.6,29.4,13,0,6.2,116.4,48.26666667,32.06666667,20.86666667,0,7.933333333
2,25,100.2,52.4,29.8,23.6,0,8,106.3333333,66,29.33333333,29,0,10,127,36,37,8,0,4,80.6,42.4,28.8,21.4,0,7,91.2,61.2,30.8,20.6,0,7.4,180.8,66.6,33,29.4,0,12.2,109.4,46,30.2,12.2,0,5.6,117.5333333,56.73333333,30.86666667,23.8,0,8.866666667
2,26,110,70.6,28.2,25.2,0,11.2,134.3333333,98.33333333,30.33333333,30.66666667,0,14.66666667,94,31,26,11,0,4,84,41.6,29.4,22,0,6.8,105,78.6,30.4,23.4,0,10.4,173.4,66.4,35,29.2,0,11.6,101.2,49.4,28.4,13.4,0,6,120.8,62.2,31.6,24.86666667,0,9.6
2,27,141,67.4,29,20,0,8.6,185.6666667,64.66666667,35.66666667,20.66666667,0,7.666666667,79,45,35,12,0,5,82.6,41.2,31,19,0,6,139.4,86.4,30.6,23.2,0,11.2,168.8,61.8,34,27.2,0,9.8,112,49,30.6,12,0,6,130.2666667,63.13333333,31.86666667,23.13333333,0,9
2,28,135.4,51.6,33.2,17.6,0,5.4,126.3333333,54.66666667,36.66666667,15,0,5,0,0,0,0,0,0,76.4,49.2,29.6,20,0,6.4,156.2,82.4,31.6,22.6,0,10.4,156,73.4,35,27.6,0,10,112.5,43,32,10.5,0,5.25,129.5333333,68.33333333,32.06666667,23.4,0,8.933333333
2,29,96,86,23,41,0,16,#DIV/0!,#DIV/0!,#DIV/0!,#DIV/0!,#DIV/0!,#DIV/0!,167,16,31,10,0,10,89.8,61.8,28,21.2,0,8,149.6,86.2,31,24,0,10.8,164.8,84.2,40.8,29.4,0,10.8,116.75,32,32.25,10.25,0,5.75,134.7333333,77.4,33.26666667,24.86666667,0,9.866666667
3,1,117.6,86.2,33.4,33.2,0,13.4,98.66666667,82.33333333,37,27,0,9.333333333,72,25,29,14,0,5,107.8,58.8,28.4,20.6,0,8,156.2,94.8,27.8,25.8,0,11.8,184.6,91,43.8,30,0,11.4,103,29.25,30.25,11.75,0,6,149.5333333,81.53333333,33.33333333,25.46666667,0,10.4
3,2,175.2,105.2,26,34,0,16,172.6666667,112.6666667,26.33333333,35,0,15.33333333,80,15,25,6,0,4,109.2,59.8,27.2,19,0,7.8,164,99.4,25.2,24.4,0,9.6,199.8,92.2,43.8,30,0,11.2,99.5,25.25,30,10.5,0,6,157.6666667,83.8,32.06666667,24.46666667,0,9.533333333
3,3,196.8,108,23.2,31.6,0,16,202.6666667,103,26.66666667,27.33333333,0,10.66666667,99,15,31,5,0,2,109.8,60.8,25.2,20.6,0,8.4,145.8,100.2,24.6,24.6,0,9,199.8,90.4,43.2,29.2,0,11.2,104.5,17.75,29,8.75,0,5.25,151.8,83.8,31,24.8,0,9.533333333
3,4,183.2,90.6,30.4,18.4,0,7.2,157.6666667,64.66666667,31.66666667,17,0,6.333333333,47,44,35,12,0,4,113.4,54.2,25.2,17.6,0,7.6,139.8,102.8,23.8,26.6,0,10.2,196.2,76.4,42.4,24.4,0,9.4,93,23,30.2,9.4,0,5,149.8,77.8,30.46666667,22.86666667,0,9.066666667
3,5,132.6,70.6,26.6,23.8,0,10,111.3333333,37.33333333,30.66666667,13,0,5,110,67,27,23,0,7,99.4,39.8,27,13.8,0,5.4,152.8,98.4,22.4,25.8,0,9.6,164,60.2,37.6,21.2,0,7.8,81.6,33.2,29.4,12,0,4.4,138.7333333,66.13333333,29,20.26666667,0,7.6
3,6,125,64,30.6,22,0,8.8,72.66666667,37,26.66666667,15.33333333,0,4.333333333,168,43,39,10,0,6,75,29.8,26.4,10.8,0,3.4,145,80.4,25,20.6,0,7.4,127.2,54.8,37,20.4,0,6.6,100.8,36.8,31.4,11.2,0,4.6,115.7333333,55,29.46666667,17.26666667,0,5.8
3,7,117.6,39.8,32.6,18.4,0,7,75,49.66666667,32.66666667,18.66666667,0,6,0,0,0,0,0,0,51.2,34.2,24.8,15.2,0,4.2,121.8,66.6,28.4,22.6,0,8,114.2,55.6,35.2,21,0,6.2,106,42.25,33,12.5,0,4.75,95.73333333,52.13333333,29.46666667,19.6,0,6.133333333
3,8,103.2,45.8,28.6,19,0,5.4,101.6666667,64.66666667,28.33333333,26.66666667,0,7.666666667,171,28,28,12,0,7,57.4,41.2,22.2,17,0,5.2,128.8,66.4,31.2,24.8,0,9.2,113,57.6,33.4,22.2,0,6.2,124,45.5,32.25,14.25,0,6,99.73333333,55.06666667,28.93333333,21.33333333,0,6.866666667
3,9,91,59.4,30.4,23.8,0,7.4,127.6666667,75,30.66666667,30,0,9.666666667,129,30,32,8,0,2,67.2,41.4,20.6,17,0,5.2,138,69.4,31.2,25,0,10,120.2,61.8,33.8,23.8,0,6.8,144.5,42,31.5,13.25,0,5.5,108.4666667,57.53333333,28.53333333,21.93333333,0,7.333333333
3,10,114,54.6,27.6,21.6,0,8.2,149,61,27,19,0,9,52,45,25,22,0,4,68.6,41.6,17.8,17.8,0,5.2,143.8,81.2,35.4,26.4,0,11.2,125.8,61,33.6,21.4,0,6.4,130,36.5,31,13,0,4.75,112.7333333,61.26666667,28.93333333,21.86666667,0,7.6
3,11,99.4,64,26.6,23.8,0,9,108,55.66666667,30.66666667,13.66666667,0,5.666666667,92,38,34,14,0,5,65.6,44.6,17.2,18.4,0,5.6,174.8,112.8,35.2,30.8,0,13,118.2,51,32.4,18.2,0,5.6,111,35.25,29.75,14,0,4.5,119.5333333,69.46666667,28.26666667,22.46666667,0,8.066666667
3,12,101.75,36.25,29.75,17.5,0,5.25,37.5,26,24,12,0,3,74,22,32,6,0,2,68,48.4,17.6,17.8,0,6.4,204.4,103,36.4,26,0,11.6,95.4,40.2,33.4,14.2,0,4.6,103.6,32.6,30.2,12.4,0,4,122.6,63.86666667,29.13333333,19.33333333,0,7.533333333
3,13,107.6,87.6,24.8,29.2,0,10.6,114.3333333,93.33333333,26.66666667,24.66666667,0,8.666666667,42,35,35,5,0,1,80.4,55.8,20.6,21,0,6.6,182.8,96,36.4,21.8,0,10,69,33.6,34.2,9.6,0,3.2,77.8,34,31.6,11,0,2.8,110.7333333,61.8,30.4,17.46666667,0,6.6
3,14,135,75.2,31.8,23.8,0,9,115.6666667,50.33333333,32.66666667,13.33333333,0,5.666666667,36,32,37,4,0,1,94.6,69.2,23.6,24.6,0,7.8,165.2,93,33.2,24,0,9.2,41,36.8,32.8,10.6,0,3.2,59.2,34.4,32.6,10.2,0,2.6,100.2666667,66.33333333,29.86666667,19.73333333,0,6.733333333
3,15,127.2,111.4,35.6,31.8,0,11.6,85.33333333,74.33333333,34,23,0,7,34,60,32,10,0,3,121.6,86,32,27.6,0,9.4,163.8,86.8,32.2,23.4,0,8.6,44.4,45.6,35.4,14.6,0,4,55.6,37.4,34,7.8,0,2.4,109.9333333,72.8,33.2,21.86666667,0,7.333333333
3,16,180,113.6,37.8,32.6,0,11.6,118,72.66666667,31,26,0,7.666666667,87,55,42,17,0,5,154.6,106.6,40.8,30.4,0,12.2,143.4,54,34.2,19.8,0,6.6,64.8,60.2,39.4,19.6,0,5.2,54.6,40.8,35.6,8.4,0,2.4,120.9333333,73.6,38.13333333,23.26666667,0,8
3,17,202.2,77.4,45.4,32.4,0,9.8,150.3333333,97.66666667,48.33333333,30.66666667,0,9.666666667,100,108,35,18,0,6,194.6,115.6,40.6,31.6,0,12.6,119.8,55.2,32.6,21.8,0,6.6,92.6,76.4,44.6,25.8,0,6.8,59.8,58,36.2,10.8,0,3.2,135.6666667,82.4,39.26666667,26.4,0,8.666666667
3,18,180,99.2,43.6,33.4,0,11.6,181.6666667,100,53.33333333,33.66666667,0,12.66666667,119,47,37,3,0,2,203.8,108.4,42.6,27.2,0,11.6,122.4,56,30,24.8,0,7,124.4,82,44.4,28.6,0,8,75.2,60.4,36.6,10.4,0,3.4,150.2,82.13333333,39,26.86666667,0,8.866666667
3,19,180.8,83.6,33,26.6,0,8.4,196,76.66666667,29.33333333,23.33333333,0,8.333333333,39,60,34,17,0,3,200,113.2,41.8,29.4,0,12.2,132.8,60.2,35,25,0,7.2,146.4,77.4,45.2,25.6,0,7.6,75.8,66,36,13,0,3.8,159.7333333,83.6,40.66666667,26.66666667,0,9
3,20,135.8,70.6,37,22.4,0,6,141.6666667,56,34.33333333,15.66666667,0,5.333333333,94,73,38,10,0,3,202,109.8,36,28.4,0,12.8,137.6,60.8,32.2,28.4,0,8.2,140,69.2,42.6,22.6,0,6.6,87.8,68.6,37.2,13,0,3.8,159.8666667,79.93333333,36.93333333,26.46666667,0,9.2
3,21,121.8,84.8,31.4,26,0,7.4,118.3333333,74,33.66666667,25,0,7.333333333,86,60,47,10,0,3,193.6,85.8,31.6,24.6,0,10,139.2,66,33.8,30.8,0,9.4,120.6,55.6,38.6,16.4,0,5.2,87.6,69.6,38.2,11.6,0,3.4,151.1333333,69.13333333,34.66666667,23.93333333,0,8.2
3,22,128.4,61,30.2,22.6,0,8.6,129.3333333,70.33333333,27.33333333,24.33333333,0,10,98,58,36,16,0,3,162,67.4,35.2,19.6,0,7.8,147.6,71.8,38.4,33,0,9.8,94.8,46.6,33.4,11.8,0,3.8,87.2,59.6,38.4,11.2,0,2.8,134.8,61.93333333,35.66666667,21.46666667,0,7.133333333
3,23,97.75,59.75,38.75,27,0,9.5,113,67.5,40,28,0,8.5,102,57,40,18,0,8,132,57.6,36,18.2,0,7,158.8,78.6,45.2,35.2,0,10.2,78,41.6,34.8,12,0,3.2,83.8,61.6,39,14.2,0,4,122.9333333,59.26666667,38.66666667,21.8,0,6.8
3,24,131,55.2,42.6,25.2,0,7.6,148,48,45.33333333,21.33333333,0,5.666666667,121,73,54,27,0,9,108.8,48.4,39.4,15.6,0,6,167,89.8,47.6,40,0,11,67.2,52.6,35.2,16,0,4,100.2,64.2,43,16.2,0,5.2,114.3333333,63.6,40.73333333,23.86666667,0,7
3,25,117.2,65.4,46.4,22.2,0,5.6,110.3333333,68.33333333,46.66666667,22.66666667,0,6,192,25,31,4,0,3,98.6,49,44.4,15.6,0,4.8,180.2,198.8,49.4,36.6,0,9.8,81,64.8,35,19.4,0,5.6,119.8,54.6,41.6,15,0,5.2,119.9333333,104.2,42.93333333,23.86666667,0,6.733333333
3,26,112.6,77.4,43.4,26.8,0,7,115,83,42,31,0,8.333333333,39,25,33,4,0,2,103.8,61.8,44.4,16.6,0,5.6,183,207.4,46,33.6,0,9,103.2,70,33.4,21,0,6.2,110.4,47.6,38.8,13.8,0,5,130,113.0666667,41.26666667,23.73333333,0,6.933333333
3,27,127.4,222.6,33.8,23.2,0,6.2,141,253,33.66666667,20.66666667,0,6.333333333,17,26,32,8,0,1,115.6,65.6,44.8,17.8,0,6.2,168.6,206.8,44,33.6,0,8.8,115.6,70.8,32.8,19.8,0,6,94.2,41.2,38,12.2,0,4.6,133.2666667,114.4,40.53333333,23.73333333,0,7
3,28,147.2,105.4,39.4,21.8,0,6.8,147.6666667,93,37.66666667,19.33333333,0,6.666666667,37,63,42,17,0,4,120.2,72.2,44,20.2,0,6.8,164.8,207.4,42.6,34.8,0,9,107.8,65.8,31.4,16.4,0,5.6,81.2,42.4,38.4,12,0,3.8,130.9333333,115.1333333,39.33333333,23.8,0,7.133333333
3,29,116.2,83.6,43.8,21.4,0,7,119.6666667,60,39.66666667,17.33333333,0,6,122,69,42,16,0,6,126.2,74.4,43.4,22.6,0,7.4,163.8,208.4,53,32.6,0,9.6,93,54.2,30.8,14,0,4.8,81.4,41.6,36,9.8,0,3.2,127.6666667,112.3333333,42.4,23.06666667,0,7.266666667
3,30,114.4,80,43.2,27.2,0,10.4,99,56.33333333,44,22.66666667,0,6,156,62,45,12,0,3,128.2,79.2,49.8,25.2,0,8.2,162.6,113.8,60,34,0,11.4,77.6,43,31.2,11.6,0,3.4,74.2,49,38.8,11.4,0,3.2,122.8,78.66666667,47,23.6,0,7.666666667
3,31,137,73.6,49,24.8,0,7,95.33333333,77,58.66666667,27.33333333,0,8,151,21,35,4,0,1,131.4,81.2,50.8,25.6,0,8.2,174.2,110,61,31.4,0,10.2,59.2,42.4,33.6,12.8,0,3.8,96.6,48.2,39.2,11.4,0,3,121.6,77.86666667,48.46666667,23.26666667,0,7.4
4,1,118.4,66.8,43,22,0,8,118.3333333,98,48.33333333,29,0,11,35,35,35,10,0,2,137,84.6,56,24.6,0,8.2,163.6,102.2,56.8,29,0,10,56.4,42,39.4,15,0,4.4,100.2,50,39.8,11.8,0,3.2,119,76.26666667,50.73333333,22.86666667,0,7.533333333
4,2,126.6,68.6,52.8,19.4,0,5.6,165.6666667,94,59.66666667,23,0,7,60,39,40,11,0,2,150.8,90,62.4,23.8,0,8.8,155.6,113.2,49.6,23,0,9,70.8,55.8,45,19.6,0,5,104.8,45.2,39.4,10.6,0,2.8,125.7333333,86.33333333,52.33333333,22.13333333,0,7.6
4,3,105,68.8,48.8,21.8,0,6.2,131.3333333,73.33333333,43.66666667,21.66666667,0,6.666666667,65,119,38,5,0,2,169.2,90.6,62.4,20.4,0,8.4,145.8,101.6,36,14.8,0,6,95.6,99.8,45.4,19.8,0,5,93.4,55.2,38.6,8.4,0,2,136.8666667,97.33333333,47.93333333,18.33333333,0,6.466666667
4,4,138.8,124.2,44.6,15.8,0,5.4,136.3333333,153.6666667,41.33333333,11.33333333,0,4.333333333,84,68,43,14,0,4,171.2,86.4,50.6,18.2,0,7.8,113.2,77.8,30.6,9.8,0,3.2,109,120,45.8,20.6,0,5.6,79,56.4,38.2,8.8,0,2.2,131.1333333,94.73333333,42.33333333,16.2,0,5.533333333
4,5,134,81.8,43.4,16.2,0,6.8,124.3333333,100.3333333,47.33333333,13.66666667,0,5,86,93,55,26,0,5,161.6,80.8,50.4,17.6,0,7.6,73.6,72.8,30.6,13.2,0,3.6,123.2,124.4,45.6,20.8,0,5.4,66,70.8,42.2,13.2,0,3,119.4666667,92.66666667,42.2,17.2,0,5.533333333
4,6,122,62.4,37.8,17.8,0,5.8,118.3333333,66.66666667,39,15.33333333,0,5.333333333,152,83,37,21,0,5,155,85.4,45.2,20.6,0,7.8,84.4,84.8,34.6,15.8,0,5.4,130.8,122.8,40.4,19.4,0,6,89.4,80.4,42.6,15.4,0,3.6,123.4,97.66666667,40.06666667,18.6,0,6.4
4,7,116.4,70.6,34.8,21.6,0,6.4,115.6666667,76,31.33333333,22.66666667,0,7.666666667,126,53,33,15,0,4,157,78.8,39.8,20,0,7,101.4,70.4,37.4,17.4,0,6.4,123.2,110,34,16,0,5.8,102.6,83.2,41.2,16.2,0,4,127.2,86.4,37.06666667,17.8,0,6.4
4,8,120.2,91,42,23.8,0,9,120.6666667,62.66666667,39.33333333,19.33333333,0,9,76,46,38,8,0,4,141.6,76.4,39.2,22.8,0,6.8,97.8,63.2,39,20,0,6.8,109.8,66,34.4,16.4,0,6,104.8,68.6,41.2,16.8,0,4.4,116.4,68.53333333,37.53333333,19.73333333,0,6.533333333
4,9,152.4,84.8,42.2,23.8,0,7.8,131.3333333,64,38,19.66666667,0,6.666666667,103,47,53,11,0,3,130.6,74.2,40.8,23.4,0,6.8,109.6,70.6,39.6,22.2,0,7.4,105.8,50.6,36.4,15.8,0,5.6,108.6,64.4,43.2,16.2,0,4.2,115.3333333,65.13333333,38.93333333,20.46666667,0,6.6
4,10,142.6,62.2,45,18.6,0,6.8,115,51.66666667,44.33333333,16,0,3.666666667,117,39,43,9,0,3,126.8,81,41,25.6,0,6.8,123.8,69.8,36.8,23,0,8.8,108.8,49,39,15.8,0,5.4,114.8,53.6,40.8,12.8,0,3.8,119.8,66.6,38.93333333,21.46666667,0,7
4,11,142.2,60.4,39.2,21.4,0,5.2,117.3333333,72.33333333,43.33333333,23.66666667,0,5.666666667,79,45,44,6,0,1,126.8,79,44,25.6,0,6.6,127,81.2,35.4,18.4,0,6.8,112.6,51.2,39.8,16,0,4.6,100.2,46,42.2,9.8,0,3,122.1333333,70.46666667,39.73333333,20,0,6
4,12,119.8,66.6,36.4,25.6,0,7.8,127.3333333,74.66666667,30.66666667,25.33333333,0,8.666666667,69,60,44,17,0,4,119.6,90.4,45.8,28.2,0,7.4,121.8,78.2,37.8,17.2,0,5.2,124.4,55.8,42.4,16,0,4,88.8,47.4,44.4,10.2,0,3,121.9333333,74.8,42,20.46666667,0,5.533333333
4,13,141.2,85.8,43,18.8,0,4.6,139.3333333,100.6666667,41.66666667,15.33333333,0,4.666666667,88,81,82,23,0,5,129.6,105.8,46.4,27.6,0,8.2,121.6,91.2,42,19,0,5.6,122,65,44.6,17,0,4,91.2,54.4,53.2,13.2,0,3.2,124.4,87.33333333,44.33333333,21.2,0,5.933333333
4,14,119.6,96,47.8,27,0,6,118.6666667,71,50.66666667,19.33333333,0,3.666666667,153,74,77,13,0,4,144.4,101.2,48.4,23.8,0,6.8,131.4,103.2,46.4,18.6,0,5.8,131,69.6,50.8,17.4,0,4.4,101.2,59.8,58,13.6,0,3.4,135.6,91.33333333,48.53333333,19.93333333,0,5.666666667
4,15,142.4,93,52.8,18,0,4.8,117.6666667,100,64.66666667,24,0,6.333333333,151,66,43,5,0,3,133.2,97.4,43,24,0,6.4,140.6,116.8,57.2,16.6,0,4.8,135.4,74.4,59.8,19,0,5.4,108,65.2,58,12.8,0,3.4,136.4,96.2,53.33333333,19.86666667,0,5.533333333
4,16,129.4,102.8,55.6,22.2,0,7.2,157.6666667,126,66.66666667,24.66666667,0,9,83,40,58,6,0,3,125.6,97.8,38,24,0,6.8,149.6,113,68.6,21.8,0,6,141.8,88.2,60.8,17.2,0,5.4,108.8,64.2,60.8,12.8,0,3.8,139,99.66666667,55.8,21,0,6.066666667
4,17,147.4,104,48.6,19.2,0,6,178,112.6666667,53.66666667,12.66666667,0,4.666666667,80,43,56,10,0,2,127.6,86.4,34.4,20.2,0,5.6,158.6,120.2,81.6,23.2,0,8,133.4,89.8,59.2,17.6,0,5.8,111,60.8,63.2,11.4,0,3.4,139.8666667,98.8,58.4,20.33333333,0,6.466666667
4,18,123,83,42,25,0,7.6,121.6666667,90.66666667,49,25,0,6.666666667,100,49,74,8,0,3,110.8,74.4,33.6,18.6,0,4.4,173.6,110.2,74.2,21.8,0,8.8,136,85.8,52.8,18.2,0,6,113.4,54.4,61.6,8.4,0,3,140.1333333,90.13333333,53.53333333,19.53333333,0,6.4
4,19,130.4,74,52.4,22.6,0,7.4,125.3333333,77,53.33333333,22.66666667,0,8,122,30,38,2,0,1,98,73.2,32.6,18.6,0,4.6,164.6,88.2,67.2,19.6,0,8,133.8,91.4,46,19,0,6.6,107.2,45.6,53.8,6.2,0,2.4,132.1333333,84.26666667,48.6,19.06666667,0,6.4
4,20,144.4,80.4,39.2,21.8,0,6.8,142.3333333,73.66666667,35,16.66666667,0,6.666666667,39,33,35,2,0,1,98.2,72,39,15.6,0,4.4,139.6,67.2,59.8,18.4,0,7.4,133,90,46.2,18,0,6.4,84.8,39,52.2,5.6,0,2,123.6,76.4,48.33333333,17.33333333,0,6.066666667
4,21,131,68.6,52.4,17.4,0,4.6,113.3333333,67,54,16.66666667,0,5.333333333,40,22,36,2,0,1,98.6,63.6,39.6,12.6,0,3.4,117.6,50.4,49.2,16.8,0,6.4,131.6,73.8,45.8,18.4,0,6.8,76.2,35.4,47.8,4.8,0,1.6,115.9333333,62.6,44.86666667,15.93333333,0,5.533333333
4,22,111.4,53,39,15.8,0,4.2,112.6666667,48.66666667,39,11.33333333,0,4.666666667,36,20,36,3,0,1,84,60,41.8,13.6,0,3.6,96.4,41.8,38.6,17.6,0,4.6,141,66.8,44,18.8,0,7.4,67.4,30.8,43.8,3.4,0,1.4,107.1333333,56.2,41.46666667,16.66666667,0,5.2
4,23,103.6,68.4,49.4,21.2,0,6,101,49,39,18,0,5.666666667,35,98,41,6,0,1,81.8,50.6,43.4,14,0,3.4,79.2,47.6,46.2,19.8,0,4.4,145.2,61,48.8,15.6,0,6.8,54.4,40.6,37.2,3,0,1,102.0666667,53.06666667,46.13333333,16.46666667,0,4.866666667
4,24,117.8,60.6,59.6,19,0,4.2,97.66666667,39,44.66666667,13.66666667,0,2.333333333,65,53,39,3,0,1,69.6,49,46.6,16.4,0,3.4,88.2,65.6,51.8,22.8,0,5,135,48.2,49.4,12.8,0,5.6,43,45.2,37.4,3.2,0,1,97.6,54.26666667,49.26666667,17.33333333,0,4.666666667
4,25,108.6,72.2,65.6,19.6,0,7,72.33333333,56,52.33333333,17.33333333,0,4.666666667,55,32,40,11,0,2,68.4,48.4,49.6,17,0,3,104.4,83.4,65,26.2,0,5.6,125.6,40.2,37.4,10.6,0,4.6,46.2,45,38.4,5,0,1.2,99.46666667,57.33333333,50.66666667,17.93333333,0,4.4
4,26,133.4,73.6,54.6,22.4,0,6.2,109,68,46,18.66666667,0,4.333333333,94,60,58,14,0,10,65.8,65.2,56.4,19.2,0,3.6,124.8,98.6,70.6,28.4,0,6.8,112.4,38.2,37.4,10.2,0,4.2,57,52.6,42.8,7.4,0,3,101,67.33333333,54.8,19.26666667,0,4.866666667
4,27,125.2,67.6,69,22.2,0,6,97.33333333,72.33333333,66.33333333,20.33333333,0,5,141,82,100,18,0,6,86.4,75.2,59.2,20.2,0,4,151,97.6,67.6,25.6,0,7.4,105.8,45,46,10.6,0,4.4,78,65,55.6,10.4,0,4,114.4,72.6,57.6,18.8,0,5.266666667
4,28,130.6,81,78.2,26,0,9.4,122,84.66666667,67.66666667,23.33333333,0,7.333333333,157,84,115,12,0,5,99.4,86,71.6,20.6,0,5,149.4,109.2,60.8,23,0,6.6,121,56,45.8,11.8,0,4.8,102.4,62.2,70.4,11.6,0,4.8,123.2666667,83.73333333,59.4,18.46666667,0,5.466666667
4,29,168.2,87.4,74.4,21.6,0,8,162.3333333,83.66666667,50.66666667,14.66666667,0,5,150,93,142,25,0,9,115.6,92.6,73,20.4,0,5.8,140.2,94.8,57.2,21,0,5.8,140.2,54.6,46,12.6,0,4.6,119.4,70.2,91,16,0,6.4,132,80.66666667,58.73333333,18,0,5.4
4,30,159,83.6,59.4,19,0,8.4,136,89.66666667,46,16,0,3.666666667,185,100,146,25,0,11,127.8,204.6,69.2,19,0,5.6,128.4,80.4,44.2,17.6,0,4.8,147.4,57.2,52.2,14,0,4.4,145.4,83.8,112.2,18.8,0,8.2,134.5333333,114.0666667,55.2,16.86666667,0,4.933333333
5,1,158,61.8,63.8,15.6,0,5.6,127.3333333,66.33333333,71,18.33333333,0,4.333333333,189,65,101,8,0,5,183.2,274.4,64,17.2,0,5,110.6,74.4,45.8,16,0,4,168.2,61.8,62,16,0,4.6,164.4,84.8,120.8,17.6,0,7.2,154,136.8666667,57.26666667,16.4,0,4.533333333
5,2,136.2,64.8,54.6,16.4,0,4.6,139.3333333,67,63.33333333,17.66666667,0,5,149,58,38,12,0,10,207.8,272.8,63.6,16.4,0,4.6,99.8,100,43.6,19,0,3.8,173.4,63,68.8,15.4,0,4,166,80,108.4,16.4,0,8,160.3333333,145.2666667,58.66666667,16.93333333,0,4.133333333
5,3,114,176.4,65.2,18.6,0,4.4,121.3333333,263.3333333,75.33333333,17.33333333,0,4.666666667,143,49,21,11,0,6,205,266.4,56.6,17,0,3.8,115.2,96.6,49.6,20.8,0,3.8,166.4,56.4,68.8,14.2,0,3.6,163.2,73,89.6,16.2,0,8.2,162.2,139.8,58.33333333,17.33333333,0,3.733333333
5,4,163.8,163.4,41.6,17.8,0,4.6,225,231.6666667,38.33333333,14.66666667,0,3,109,48,33,12,0,5,198,268,63,18,0,3.6,118.8,107.2,55.4,22.6,0,4.8,148.6,56,68.6,14.4,0,3.8,155,64,67.8,13.6,0,7.4,155.1333333,143.7333333,62.33333333,18.33333333,0,4.066666667
5,5,151.8,98.6,48.6,14.4,0,3,173,80.66666667,55,18,0,3.333333333,150,53,92,15,0,6,201,156.8,72.4,18,0,3.8,137.4,111,59.6,24,0,5.4,135.4,54.6,66,13.8,0,3.8,148,54.6,57,11.6,0,6.4,157.9333333,107.4666667,66,18.6,0,4.333333333
5,6,100.6,65.2,60.2,19.4,0,4,106.6666667,71,64.66666667,21.33333333,0,4.666666667,160,61,36,16,0,12,147,75.6,78.2,18.6,0,4.2,145,107.4,60.4,23.4,0,5.2,112.2,53.2,57.6,13.8,0,3.6,142.2,53.8,44,13.2,0,7.8,134.7333333,78.73333333,65.4,18.6,0,4.333333333
5,7,109.2,71,63.8,21.8,0,6,120,73.66666667,67,21.66666667,0,5.333333333,160,26,40,8,0,8,113.6,81.4,76.2,19.2,0,4.2,143.4,89,73,24.6,0,6.4,106.4,52,50.2,15.6,0,3.6,144.4,47.4,44.4,12.4,0,7.4,121.1333333,74.13333333,66.46666667,19.8,0,4.733333333
5,8,131.8,58.8,60.8,18,0,7.6,129.3333333,70,80,19.33333333,0,4.666666667,107,42,26,11,0,5,114,94.6,77,17,0,4.2,144.2,78.2,69.2,24.4,0,7,100.4,57.8,61.4,18.6,0,5,137.2,46,45.4,12.4,0,7.2,119.5333333,76.86666667,69.2,20,0,5.4
5,9,116.2,64.8,70.4,22.4,0,11.2,122.3333333,75.33333333,87.66666667,22.66666667,0,8,100,52,35,9,0,4,115,88.6,67,13.8,0,3.4,147.4,71.6,69.4,24.4,0,8.4,112.8,65.4,73,20,0,6.2,135.4,46.8,45.8,11.8,0,7,125.0666667,75.2,69.8,19.4,0,6
5,10,130.4,68.8,63.4,19.2,0,8.8,139.3333333,85,64.66666667,21,0,6.333333333,72,101,42,4,0,1,100.8,80.4,62.6,13.6,0,3.4,152.8,72.4,74.6,24.8,0,8.4,129.4,91.6,71.2,19.6,0,7.8,119.8,56.4,35.8,9.6,0,6,127.6666667,81.46666667,69.46666667,19.33333333,0,6.533333333
5,11,138.2,88.8,54.4,18.2,0,8.2,140.3333333,125.6666667,63.33333333,17,0,9.666666667,54,87,43,5,0,1,87.6,80.8,63,13.8,0,3.8,155.6,77.4,81.2,24.2,0,9.6,146,90,70.8,17.2,0,7.4,98.6,61.6,37.2,7.4,0,3.8,129.7333333,82.73333333,71.66666667,18.4,0,6.933333333
5,12,122.6,68.8,62.8,22.8,0,5.6,158.3333333,62.33333333,58.33333333,13,0,3.333333333,63,124,86,16,0,5,80.8,74.6,74.6,13,0,4.2,164.6,75,73.2,21.8,0,9.4,136.8,95,75.2,17.2,0,7.6,79.2,81.2,46.4,9,0,3.2,127.4,81.53333333,74.33333333,17.33333333,0,7.066666667
5,13,110,65.2,70.8,17.6,0,5.6,95,73,91,18,0,7,108,70,91,11,0,5,80.8,65.6,87.2,13.2,0,4.8,161.6,75.8,80.4,20.4,0,11.6,142,107.2,77.4,17.6,0,7.8,79.4,86.8,59.4,9,0,3.2,128.1333333,82.86666667,81.66666667,17.06666667,0,8.066666667
5,14,111.2,69,64.8,19.2,0,6.4,124,92.33333333,78.66666667,19.66666667,0,8.666666667,95,49,45,10,0,5,85.2,76.2,103.6,17,0,6.4,166,72.2,72.8,19.2,0,10.8,149,111.4,73.8,17.8,0,7.2,78.4,86.2,61.4,9.2,0,3.4,133.4,86.6,83.4,18,0,8.133333333
5,15,116.8,75.2,82.8,20.6,0,8,134.6666667,83,90,17.66666667,0,9.666666667,115,55,29,13,0,6,102.2,88.6,116.2,18,0,6.6,150.6,68,68.6,18.2,0,10.8,147.6,92.2,82.6,18.6,0,6.6,87,77,58.8,11,0,4.4,133.4666667,82.93333333,89.13333333,18.26666667,0,8
5,16,128.6,82.6,90.2,19.8,0,7.6,145.3333333,72.66666667,86.33333333,16.66666667,0,8.333333333,124,65,31,17,0,2,122.2,92,128.8,17.2,0,6.6,140.4,61.4,60.6,18.2,0,9.8,143.8,89,81.6,19.6,0,7.2,101,72.6,56.4,13.4,0,4.6,135.4666667,80.8,90.33333333,18.33333333,0,7.866666667
5,17,146.2,68.8,75.2,19,0,6.2,133.6666667,67.66666667,77,19.33333333,0,7,66,42,36,5,0,1,134,91,126,17,0,7.6,124.6,54.4,59,17.4,0,9.4,147.8,85,70.8,16.8,0,6.6,101.6,56.2,46.4,11.2,0,3.8,135.4666667,76.8,85.26666667,17.06666667,0,7.866666667
5,18,121.6,70.4,81.6,14.6,0,4.2,113,76,80.66666667,15,0,4.666666667,41,46,65,11,0,2,141.6,82.6,103.8,18,0,8.4,116,48.6,47.4,18.2,0,7.6,137.2,65.4,57,13.4,0,5.2,88.2,51.4,41.2,11.2,0,3.2,131.6,65.53333333,69.4,16.53333333,0,7.066666667
5,19,110.6,54,77.6,14.4,0,5.8,113.3333333,53.66666667,74,11.33333333,0,5.666666667,68,42,109,10,0,4,137.8,67,92.4,16,0,7,109.6,64.2,48.8,17.4,0,6.4,115.2,52.6,49.8,13,0,4.8,82.8,50,54,11.2,0,3,120.8666667,61.26666667,63.66666667,15.46666667,0,6.066666667
5,20,105.4,56,68,19.4,0,6.8,103.3333333,50.33333333,54,18,0,7.666666667,69,69,56,13,0,13,116.2,55.6,82.4,17.8,0,6.4,113.4,87,48.8,18.4,0,6.2,100.2,46.4,47.2,15.6,0,4.6,73.6,52.8,59.4,11.2,0,4.4,109.9333333,63,59.46666667,17.26666667,0,5.733333333
5,21,124.4,71.4,70.6,23.2,0,6.8,122.3333333,74.33333333,47.33333333,21.33333333,0,7.333333333,163,41,73,9,0,8,98.6,53.2,69.4,20,0,6.2,131.4,94.2,54.6,19.8,0,6.2,89,49.8,66.2,17.6,0,4.4,81.4,48,67.8,9.6,0,5.6,106.3333333,65.73333333,63.4,19.13333333,0,5.6
5,22,124.8,85,92.2,24,0,5.8,115,85.33333333,89.66666667,21,0,4,124,19,36,6,0,2,93.2,54.6,68.2,22.4,0,6,142,101.2,67,20.2,0,5.8,89.2,54,78.6,22.4,0,4.8,93,43.4,67.8,9.8,0,5.8,108.1333333,69.93333333,71.26666667,21.66666667,0,5.533333333
5,23,126.8,72.6,92.2,26.2,0,5.4,107.3333333,76,94.33333333,28.33333333,0,4.333333333,26,21,53,9,0,2,93.2,55,83.2,21.2,0,5.2,150.8,110.2,76.6,18.8,0,5.6,98.6,62.6,95.6,25.6,0,5.2,90,38.4,65.4,9.4,0,5.8,114.2,75.93333333,85.13333333,21.86666667,0,5.333333333
5,24,123.6,71.2,97.8,19.4,0,5.4,117.3333333,75.66666667,101.3333333,21,0,5.333333333,39,30,33,13,0,2,86.6,58.2,76,21.4,0,6.8,159,100.4,80.2,19.6,0,5.4,115.4,68.2,93.6,24.4,0,6,84.2,36,50.2,10,0,5.4,120.3333333,75.6,83.26666667,21.8,0,6.066666667
5,25,135.25,74.25,71.25,15,0,6.75,152.5,76.5,54,13.5,0,8,43,22,50,9,0,2,91.2,59,71.2,20.8,0,8,164.6,102.8,74.2,17.4,0,4.8,120.2,60.6,86.4,19.4,0,5,79,26.6,49,9.2,0,3.2,125.3333333,74.13333333,77.26666667,19.2,0,5.933333333
5,26,141.25,65,73.5,16.5,0,4.75,145.5,46,47,11,0,2.5,41,20,44,6,0,2,97.4,59.2,79.2,21.6,0,8.2,156.2,91.6,58.4,15.8,0,4,107.2,55.4,72,18,0,4.6,54.6,22.4,43.2,8.6,0,2,120.2666667,68.73333333,69.86666667,18.46666667,0,5.6
5,27,127.75,89.25,75,15.5,0,5,99.5,102,49,13.5,0,2,34,60,100,18,0,7,100.6,58.8,84,22.4,0,8,138,83.4,50.6,16.4,0,3.4,98,47.4,76,15.4,0,4.4,36.6,30.6,56,11,0,3,112.2,63.2,70.2,18.06666667,0,5.266666667
5,28,120.25,51.25,72.25,20.5,0,5.25,91,43,70,19.5,0,3,112,67,117,14,0,11,101.6,59.6,70.8,22.4,0,7.4,128,74.6,58.6,18.2,0,3.2,89.4,40.8,62.8,13.2,0,4.2,53.8,39.8,68.8,12,0,4.8,106.3333333,58.33333333,64.06666667,17.93333333,0,4.933333333
5,29,106.75,61.25,92.25,20.5,0,6.25,80,43,63.5,16.5,0,3.5,150,60,87,12,0,9,110.2,57.4,82.2,21.2,0,6.2,113.6,69.8,64.8,20,0,3.6,77.6,36,64.2,13.2,0,3,76,45.8,79.6,11.8,0,6.2,100.4666667,54.4,70.4,18.13333333,0,4.266666667
5,30,122.8,64.2,78.8,20.6,0,6.8,100.6666667,54.33333333,80.33333333,20.66666667,0,6,129,17,37,8,0,2,117.2,57.4,84.4,21.8,0,5.8,106,49.8,82.6,23,0,4.8,70.4,45.8,73,16,0,3.6,93.2,44.8,77,11.6,0,6.2,97.86666667,51,80,20.26666667,0,4.733333333
5,31,125.4,66,93.6,20.8,0,6.6,108,54.33333333,91.33333333,20,0,5.666666667,56,54,90,17,0,4,114.6,57.4,83.8,22,0,6,111.6,56.8,89.4,22.4,0,5.6,84.6,52.2,81.2,17,0,4.4,96.2,51.6,86.2,13.8,0,6.6,103.6,55.46666667,84.8,20.46666667,0,5.333333333
6,1,121.8,60,83,21.2,0,8.2,102.6666667,63.33333333,87,22,0,8.333333333,78,55,77,13,0,3,109.2,54,73.8,19.2,0,5.8,128.4,62.4,89.6,23.2,0,6,99,53,78.4,16.2,0,4.8,105,50.6,81.6,12.8,0,5.8,112.2,56.46666667,80.6,19.53333333,0,5.533333333
6,2,120,64.6,78.4,20.2,0,7.2,119,58.33333333,73.33333333,18,0,6.666666667,80,154,85,18,0,3,92.4,56.4,86,21,0,6.2,130,67.8,89.2,23,0,5.6,101.4,55.4,81.8,16.4,0,6.4,98.6,68,75.2,13.6,0,4.2,107.9333333,59.86666667,85.66666667,20.13333333,0,6.066666667
6,3,121.2,67,82.6,20.6,0,7.6,115,64.66666667,85.66666667,21.33333333,0,7.666666667,127,39,55,13,0,2,86,60.4,82.6,23.6,0,7.4,130.4,74.8,95.8,21.8,0,6,113.4,59.2,83.6,17.4,0,8,94,63.8,68.8,13.8,0,2.8,109.9333333,64.8,87.33333333,20.93333333,0,7.133333333
6,4,134.8,68.8,93.8,21.6,0,8,128.6666667,69,90.66666667,23.33333333,0,7.666666667,42,36,81,7,0,4,83,60.8,84,23,0,7.8,136.2,69.6,84.4,19,0,5.6,132,57.6,76.8,18,0,9,76.6,67.6,77.6,13.6,0,3.2,117.0666667,62.66666667,81.73333333,20,0,7.466666667
6,5,139.2,62.6,80.8,17.2,0,6.6,141.3333333,64.66666667,69,19,0,7,54,50,113,12,0,6,88.8,57.4,82.6,22.2,0,9.2,126.4,60.8,85,19.2,0,5.4,137,56.8,73.4,15.6,0,9.2,76.2,66.8,82.2,12.6,0,3.6,117.4,58.33333333,80.33333333,19,0,7.933333333
6,6,129.2,47.2,69.2,12.4,0,6.2,135,49.66666667,81.33333333,11.33333333,0,6,80,71,146,13,0,6,92.4,59.6,91.4,22.8,0,8.8,109.2,55.6,77,17.2,0,5.6,140.6,56.8,67,15,0,9.2,76.6,70,96,12.6,0,4.2,114.0666667,57.33333333,78.46666667,18.33333333,0,7.866666667
6,7,105,40,64.25,18.25,0,5.25,120.3333333,43.66666667,67.33333333,18.33333333,0,5.666666667,96,84,104,13,0,5,99.2,64.4,92,21.2,0,9,99.4,48.2,71.2,15.2,0,6.2,140.2,48.2,60.4,14,0,7.6,79.8,56,99.8,11.6,0,4.6,112.9333333,53.6,74.53333333,16.8,0,7.6
6,8,97.8,55,78.6,19.4,0,7.4,81.33333333,41.66666667,60.33333333,16.66666667,0,5.666666667,134,72,55,10,0,7,109.8,70.8,107.2,19.2,0,8,98.6,41.6,62.8,14.2,0,6.4,116.4,48.2,64.2,13.4,0,6.8,81.2,62.6,99.8,11,0,5.6,108.2666667,53.53333333,78.06666667,15.6,0,7.066666667
6,9,100.4,48.6,68.8,14.4,0,7.4,63.66666667,51,70.66666667,14.33333333,0,7,118,63,106,8,0,8,121.8,77.8,121,18.2,0,7.6,98,47.2,70,17,0,7.6,103.4,48,78.8,11.8,0,6.6,96.4,68,104.8,11.2,0,6.4,107.7333333,57.66666667,89.93333333,15.66666667,0,7.266666667
6,10,108.8,41,77.2,15.4,0,6.6,90.33333333,57.33333333,99.66666667,17.66666667,0,7.666666667,139,67,94,16,0,7,131.2,75.4,123.6,16,0,5.6,110.2,49,66.2,16.8,0,8.6,102.4,47.6,85.2,13,0,7.2,113.4,71.4,101,12,0,6.6,114.6,57.33333333,91.66666667,15.26666667,0,7.133333333
6,11,95.6,55.6,87.2,19.8,0,9.2,121.6666667,65,98.33333333,22.33333333,0,11,137,47,130,10,0,6,127.8,71.4,127,14.8,0,5.6,119.4,48.2,78.8,18.2,0,8.8,95.8,45.8,92.2,13,0,7.4,124.8,66.6,97.8,11.4,0,6.6,114.3333333,55.13333333,99.33333333,15.33333333,0,7.266666667
6,12,110,42.8,64.8,15.6,0,7,124.6666667,44.33333333,75,17,0,8.333333333,97,71,107,15,0,7,127.4,66.2,129.6,14.4,0,5.8,124.8,51.2,84.2,19.2,0,10.2,92.2,55.2,98.4,15.4,0,8.2,125,64,98.4,11.8,0,7,114.8,57.53333333,104.0666667,16.33333333,0,8.066666667
6,13,94.4,42.8,75.6,19.2,0,7.8,100.3333333,50.33333333,89.33333333,21.66666667,0,9.666666667,126,23,68,4,0,2,122.6,52.8,111.4,13.8,0,6.6,133.6,54.4,91,19.4,0,10.6,106.4,54.4,101.2,15.2,0,8.4,123.4,54.2,101,10.6,0,6,120.8666667,53.86666667,101.2,16.13333333,0,8.533333333
6,14,94.6,58.8,97,18.2,0,9.2,102.3333333,58.33333333,99,16.66666667,0,9,31,47,84,11,0,2,108.8,39.8,90.4,12.6,0,6.6,135,51.4,86.6,17.4,0,10.4,102.4,50.4,82.2,14.4,0,7.8,106,51,96.6,11.2,0,4.8,115.4,47.2,86.4,14.8,0,8.266666667
6,15,109,66,87.4,19.8,0,8,109.6666667,64,80.33333333,14,0,7.666666667,58,81,121,12,0,9,93,37.6,78.6,12.4,0,6.6,126.4,56,100,18.2,0,10.4,93.2,49.2,75.2,15,0,7.2,89.8,53.8,102,10.4,0,5.2,104.2,47.6,84.6,15.2,0,8.066666667
6,16,126,60,89.4,19.2,0,7.2,126.3333333,68.66666667,104.6666667,16.66666667,0,8,110,57,75,6,0,3,88.4,36,72.4,13.6,0,6.6,134,61.2,99.8,17,0,11.2,97,54.8,83.4,15.8,0,7.4,84.4,55.8,91,9.6,0,4.6,106.4666667,50.66666667,85.2,15.46666667,0,8.4
6,17,120,61.6,111.2,19.2,0,7.4,136.6666667,73,134,18,0,8,64,47,90,9,0,4,88.4,31.2,71.2,15,0,5.8,141.4,58.8,93.4,17.6,0,9.6,111.8,55.6,89.6,13.6,0,8,77.8,51,87.6,8.4,0,4,113.8666667,48.53333333,84.73333333,15.4,0,7.8
6,18,127.6,52,92.8,14,0,7.6,153.3333333,56.33333333,103.6666667,12.33333333,0,8.666666667,81,44,100,7,0,3,79.6,40.2,88.4,17,0,5.4,131.6,55.2,95.2,19.2,0,9.4,123.6,59.4,97.6,13.8,0,8,68.8,55.2,94,9,0,4.2,111.6,51.6,93.73333333,16.66666667,0,7.6
6,19,118.2,51.2,107.2,16.6,0,7.2,128.6666667,54,107.3333333,16,0,6.333333333,77,60,117,6,0,5,88.8,53,106.2,19.6,0,6.4,119.2,57,94.6,22.6,0,10,137.4,66,107.4,14,0,8.8,78,57.8,100.6,8,0,4.8,115.1333333,58.66666667,102.7333333,18.73333333,0,8.4
6,20,119.8,61,109.2,17.8,0,8.6,115.6666667,60.33333333,104,16.33333333,0,9,108,57,106,8,0,4,103.6,59.6,117,20.8,0,7,121.8,58,102.4,21.4,0,9.8,146.2,66,109.2,13.8,0,8,88,53,97.6,7.2,0,3.8,123.8666667,61.2,109.5333333,18.66666667,0,8.266666667
6,21,126.4,56.8,92.4,20.2,0,8.8,112.3333333,49.33333333,76.33333333,21,0,9,92,66,107,10,0,6,114.6,64.8,126.8,20.4,0,7.2,117.6,59.8,111.2,20.2,0,9.2,133.8,66.6,106.6,14,0,8,84.4,54.8,104,8,0,4.4,122,63.73333333,114.8666667,18.2,0,8.133333333
6,22,112.6,66.4,106.2,16.6,0,10,97.33333333,54,107.6666667,14.33333333,0,7.666666667,129,54,103,9,0,7,124.6,73.8,130.6,20.2,0,8,115,67.4,116,20.2,0,10,126.4,65.6,108.8,15.6,0,7.2,97.4,56.2,106.6,8,0,5,122,68.93333333,118.4666667,18.66666667,0,8.4
6,23,137.2,55,79.2,15.4,0,6.6,107.6666667,54,102.3333333,12.66666667,0,6.333333333,128,29,75,5,0,4,142.2,74.8,127,18.6,0,8,122.2,70.6,116.2,18.8,0,11.8,117,67,108.4,15.2,0,7.4,106.8,53.2,101.6,7.6,0,5.2,127.1333333,70.8,117.2,17.53333333,0,9.066666667
6,24,104.4,64.2,82.8,18.6,0,7.2,101,66.33333333,104.3333333,17.33333333,0,8,70,39,72,9,0,6,143.6,68.4,120.8,16.6,0,7.2,138.2,66.6,109.4,16,0,10.4,114.8,67.2,119.8,15,0,7,105.4,49,92.6,8.2,0,5.4,132.2,67.4,116.6666667,15.86666667,0,8.2
6,25,117.8,68.2,114,17,0,8.8,124,58,121.3333333,16,0,10,101,37,89,8,0,5,139.2,67,113,17.4,0,7.2,126.6,57.8,90.4,15,0,9.2,113.8,70.2,127,14,0,7.8,104,45,89.2,8.2,0,5.6,126.5333333,65,110.1333333,15.46666667,0,8.066666667
6,26,129.2,65.6,96.8,17.8,0,7,122.6666667,62.66666667,105.6666667,18,0,7.333333333,90,63,121,11,0,9,137.4,67.2,106,18.2,0,7.8,105.4,54.2,79.4,17.6,0,8.6,127,63.8,119.6,11.8,0,7.4,103.6,44.4,92,8.4,0,6.2,123.2666667,61.73333333,101.6666667,15.86666667,0,7.933333333
6,27,123.4,59.2,86,15,0,7.6,115.3333333,50,93.33333333,13.33333333,0,6.666666667,163,45,104,7,0,8,138.8,65.8,88,17.6,0,8.8,94.2,50,86,17.2,0,8.4,117.8,57.6,108,9.8,0,7.2,110.4,42.6,92.2,8,0,6.4,116.9333333,57.8,94,14.86666667,0,8.133333333
6,28,106.25,68,70,17,0,7,81.66666667,48.66666667,82.66666667,15.66666667,0,6,133,39,53,12,0,5,133.8,58.4,80,16.8,0,8.4,83.6,46.2,78.4,17.2,0,7,105.6,46.6,89.6,8.4,0,6.6,111.4,44.6,87.8,9.4,0,6.6,107.6666667,50.4,82.66666667,14.13333333,0,7.333333333
6,29,112.8,44.6,88.2,15.4,0,6.4,80.33333333,49.66666667,101,13.66666667,0,7,93,30,74,7,0,3,125.6,56.8,83.8,17.2,0,8,72.4,45.8,87.2,15.6,0,7.4,82.2,39.2,72.6,9,0,5.8,116,42.8,88.2,9,0,6,93.4,47.26666667,81.2,13.93333333,0,7.066666667
6,30,86,44.6,72.8,16.2,0,6.2,84,54.33333333,86.66666667,16.66666667,0,7.666666667,63,53,115,14,0,5,118.8,60.2,96,16,0,8.6,98.2,51,94,16.8,0,8.6,64,37.6,61.8,9.8,0,5.4,108.4,46,93.4,10.2,0,6,93.66666667,49.6,83.93333333,14.2,0,7.533333333
7,1,83.4,50.2,84.2,14.6,0,6,103,61,96.33333333,14,0,7.333333333,86,38,83,6,0,7,126.2,55,95.4,15.4,0,7.6,134.6,52.8,101.8,16,0,9.4,52.4,37.2,62.8,11.6,0,5.2,107.6,41,85.8,9.2,0,5.6,104.4,48.33333333,86.66666667,14.33333333,0,7.4
7,2,111.4,52.6,97.6,16.4,0,8,141.3333333,47.33333333,96,15,0,7,93,40,54,7,0,9,112.2,54,122.8,17.4,0,6.6,141,57.2,100.2,16,0,9.6,54.8,43.4,76.4,14.8,0,5.2,93.6,40,75.8,9.2,0,5.8,102.6666667,51.53333333,99.8,16.06666667,0,7.133333333
7,3,129.4,61.6,93.8,19.8,0,7.8,139,59.66666667,105.3333333,21,0,7.333333333,131,42,87,8,0,5,109.4,62.4,129.8,19,0,7,142.2,57,107.2,15.4,0,9.2,67.4,50,82.8,17.2,0,5.4,93.2,40.6,82.6,8.4,0,5.8,106.3333333,56.46666667,106.6,17.2,0,7.2
7,4,121.4,66.6,105.8,18.8,0,9,109,68.33333333,97.33333333,19,0,8.666666667,118,33,82,11,0,4,120.4,65.2,126,18.2,0,7.4,136.6,57.8,95.4,15.4,0,9.2,83,46.4,78.8,16,0,5.2,98.2,41.2,84.2,9.2,0,6,113.3333333,56.46666667,100.0666667,16.53333333,0,7.266666667
7,5,130.4,52,82.2,15,0,8.2,114.3333333,45.66666667,61.66666667,12.66666667,0,8.333333333,77,30,97,7,0,4,127,61.4,118.2,19.2,0,6.6,114.2,58.4,94.8,14.8,0,9,83,38.6,74.2,14.4,0,5,101,36.6,80.6,7.8,0,5.8,108.0666667,52.8,95.73333333,16.13333333,0,6.866666667
7,6,107.4,52.4,81,12.6,0,7.8,85.33333333,37,55.66666667,10,0,6.333333333,65,28,91,8,0,3,116,61.8,113.8,18.2,0,7.2,89.8,58.6,78.4,13.8,0,9,77,37.6,70.8,14,0,5,96.8,34.6,82.2,8.2,0,5,94.26666667,52.66666667,87.66666667,15.33333333,0,7.066666667
7,7,111,58.2,103,15,0,7.8,80.33333333,44,95.66666667,14,0,6,57,46,100,10,0,6,120.6,61.2,100.4,17.4,0,7.8,92,49.6,62.8,12.2,0,8,76.8,34.8,53.8,13.8,0,5,89.6,35.8,91.4,8.8,0,4.4,96.46666667,48.53333333,72.33333333,14.46666667,0,6.933333333
7,8,118.4,60.8,85,16.8,0,7.8,86.66666667,61,70,17,0,8.333333333,105,40,44,7,0,6,128.4,55.2,92.2,16.6,0,8.2,88.2,47.4,45,13.2,0,7.2,73.4,34,54.8,12.8,0,5.6,84.4,35.4,82.8,8.6,0,4.6,96.66666667,45.53333333,64,14.2,0,7
7,9,130.2,50.2,81.6,13.8,0,6.4,119.3333333,43.33333333,72,13.66666667,0,6.333333333,98,51,47,9,0,7,125,54.2,82.8,17.2,0,8.2,83.8,45.4,45.8,14.6,0,7.4,85,38.4,64.8,13.2,0,5.8,80.4,39,75.8,8.2,0,5.2,97.93333333,46,64.46666667,15,0,7.133333333
7,10,113.6,57.4,99.4,17,0,7,104,47.66666667,94.33333333,18.33333333,0,5.666666667,0,0,0,0,0,0,130,55,79,15.8,0,8.4,82.6,43.2,36.8,16.8,0,7.8,95.6,43.2,77,14.4,0,5.8,81.25,41.25,70.5,8.5,0,5.5,102.7333333,47.13333333,64.26666667,15.66666667,0,7.333333333
7,11,118.6,61.6,89.6,17.6,0,7.2,91,55.66666667,89,17,0,7.333333333,169,77,72,13,0,11,147.2,62,80,17.4,0,8.2,84.8,40.4,46.2,16.4,0,7.6,100.6,51,83.2,15.6,0,6.8,107.25,53.5,65.75,9.75,0,7.5,110.8666667,51.13333333,69.8,16.46666667,0,7.533333333
7,12,113.8,53,94,18.6,0,7.6,105,58,84.66666667,18.33333333,0,9,172,44,67,10,0,9,169.2,53,66.4,15.4,0,7.2,84.2,43.2,55.4,17.4,0,8.4,114.2,47.6,94.6,12.8,0,6.6,136,53,57.5,9.75,0,8.25,122.5333333,47.93333333,72.13333333,15.2,0,7.4
7,13,109.6,46.2,90.8,15.4,0,6.6,124,44.33333333,91.66666667,13.33333333,0,6.333333333,132,44,77,10,0,6,151.6,48.8,56.8,15.8,0,6.4,92.4,42.8,56.2,16.8,0,9,106.6,50.4,104,12.8,0,6.6,142.75,54,65.75,10.5,0,8.25,116.8666667,47.33333333,72.33333333,15.13333333,0,7.333333333
7,14,91.6,48.6,73.6,16.2,0,7.6,87.33333333,53.33333333,95.66666667,13.66666667,0,8.666666667,102,45,84,10,0,5,136.8,48.4,55.2,17.8,0,6.4,91,37.8,55.2,16.2,0,8.6,105.8,52.8,104.8,13.6,0,7.4,143.75,52.5,75,10.75,0,7.75,111.2,46.33333333,71.73333333,15.86666667,0,7.466666667
7,15,114.4,46.2,61.2,16.6,0,8,124,50,74.66666667,17.33333333,0,9,110,55,98,9,0,6,126.6,46.4,44.2,19.8,0,6.4,83.4,74.8,58,14.4,0,9.2,108.8,52.2,88,14.2,0,7.8,137,53,79.6,10.4,0,7.4,106.2666667,57.8,63.4,16.13333333,0,7.8
7,16,105,42,58.2,18,0,9.4,106.6666667,36.33333333,45.66666667,15.66666667,0,8,129,53,64,8,0,5,106.8,39,40,19,0,6.6,93.2,75.6,54.6,16,0,9.4,120.6,50.4,85.8,13,0,7.8,129,48.2,78,9.4,0,6.2,106.8666667,55,60.13333333,16,0,7.933333333
7,17,113.6,92.2,65.8,17.4,0,11.2,106.3333333,115,70,14.33333333,0,10,129,41,46,7,0,6,80,41.6,39,19.6,0,6.6,96.4,76.2,54.4,15.8,0,9.4,121.2,55.6,79,14.2,0,8.4,120.4,47.6,73.8,8.8,0,5.6,99.2,57.8,57.46666667,16.53333333,0,8.133333333
7,18,147,54.6,57.2,18.8,0,9,149.6666667,55.66666667,68.33333333,15.66666667,0,8,120,35,49,10,0,5,76.4,46,43,21.2,0,7.2,99.8,81.4,69.6,15.4,0,9.4,137.6,54,62.6,14.6,0,7.8,118,45.8,68.2,8.8,0,5.4,104.6,60.46666667,58.4,17.06666667,0,8.133333333
7,19,154.8,52.4,59.4,15.4,0,7.4,148.6666667,63.33333333,69.66666667,16.66666667,0,7.333333333,92,59,116,15,0,7,83,45.8,43.6,21.4,0,7.4,113,88.8,75.2,15.8,0,10,135.6,57.2,69.6,14.4,0,7.8,116,48.6,74.6,9.8,0,5.8,110.5333333,63.93333333,62.8,17.2,0,8.4
7,20,149.2,47.8,72,14.4,0,8.2,163,49,89,13,0,7.333333333,116,55,87,10,0,5,80,47,51.2,21.2,0,7.4,122.2,54.4,81,15.8,0,9.2,145.8,66.8,74,16,0,8.6,117.2,48.6,72.4,10,0,5.6,116,56.06666667,68.73333333,17.66666667,0,8.4
7,21,132.5,55.5,56.5,19.5,0,8.75,116.3333333,57.66666667,46.33333333,19.66666667,0,9,100,52,107,13,0,7,78.6,49.2,56,21.4,0,7.4,115.4,49.8,73.8,14.2,0,8.6,152,61.6,70.6,15.2,0,7.6,111.4,48.4,81,11,0,6,115.3333333,53.53333333,66.8,16.93333333,0,7.866666667
7,22,115.5,48.25,71.75,18,0,7,107.3333333,48.33333333,71.33333333,16.33333333,0,7,118,48,95,16,0,6,79.6,57.6,73.4,22.2,0,8,101.4,42.2,66.2,13.4,0,7.4,137.8,61.8,79,15.4,0,7.4,109.2,49.8,90.8,12.8,0,6,106.2666667,53.86666667,72.86666667,17,0,7.6
7,23,114.6,50.6,68,20,0,7.6,97.66666667,45,52,16.66666667,0,6.666666667,101,38,96,12,0,4,99,58.2,73.6,20,0,8,79.8,35.2,60.4,13.8,0,6.8,127,61.2,92.6,15.8,0,7.2,105.4,50.4,100.2,13.2,0,5.8,101.9333333,51.53333333,75.53333333,16.53333333,0,7.333333333
7,24,96.6,45.8,77.6,17,0,7.2,74.33333333,37.33333333,72.66666667,14.66666667,0,5.333333333,81,57,98,20,0,5,103,57,69.4,17.4,0,8.4,62.6,35,65.2,13,0,7.2,113.2,59.8,93.8,15.4,0,7,103.2,50,96.6,14.2,0,5.4,92.93333333,50.6,76.13333333,15.26666667,0,7.533333333
7,25,88.4,46.6,90,14.2,0,6.8,59.33333333,39.33333333,79.66666667,14,0,6,86,32,50,7,0,4,102.2,57.2,71.2,15,0,8.2,63.6,35.6,68.4,12.6,0,7.6,103.2,56.8,108.4,13.2,0,6.4,97.2,45.4,89.2,13.6,0,5.2,89.66666667,49.86666667,82.66666667,13.6,0,7.4
7,26,83.2,62.2,95,17.8,0,9,65,59.66666667,85.33333333,17.33333333,0,9.666666667,0,0,0,0,0,0,97,54.4,69.8,15,0,8,65.6,44.2,82.4,13.2,0,9.2,102.2,59.8,110.2,12.8,0,7,96.5,43.75,84.75,13.75,0,4.75,88.26666667,52.8,87.46666667,13.66666667,0,8.066666667
7,27,123,52.4,85,15.4,0,8,118.3333333,54,80.66666667,15.33333333,0,9,150,21,63,12,0,10,94.6,50,63,14.8,0,7.6,87.2,54.2,94.4,14.4,0,10.6,112.4,50.8,97.4,11.8,0,6.6,104.5,37,76.75,12.75,0,5.75,98.06666667,51.66666667,84.93333333,13.66666667,0,8.266666667
7,28,112.8,58.8,84,17.2,0,10.2,113,46.33333333,66.66666667,15.66666667,0,8.666666667,151,54,93,10,0,8,79.4,45.4,63.2,15.6,0,6.8,110,63.2,104.4,15,0,12.4,104.8,49,94.2,10.4,0,6.8,117,41,76,12.25,0,6.75,98.06666667,52.53333333,87.26666667,13.66666667,0,8.666666667
7,29,124.2,50.6,76.2,13.8,0,9.6,95.33333333,54.66666667,95.33333333,14.66666667,0,8,151,47,83,11,0,7,66.6,43.4,70.2,16,0,5.6,129.4,66.4,114,16,0,12.2,109,45.8,92.6,11,0,6.4,134.5,38.5,72.25,10,0,7.25,101.6666667,51.86666667,92.26666667,14.33333333,0,8.066666667
7,30,123.2,53.8,97.2,15.4,0,9,106,63,122.6666667,17.33333333,0,9.333333333,144,54,81,12,0,7,57.2,45.6,79.6,18.4,0,5.8,136.8,70.6,118,15.2,0,13.4,102.8,41.6,91.2,10.2,0,6,149,44,80,11.25,0,8,98.93333333,52.6,96.26666667,14.6,0,8.4
7,31,111.6,59.6,85.6,15.8,0,10.2,119.3333333,59,99.33333333,14,0,8.666666667,120,40,62,13,0,7,63,45,76,17.4,0,5.6,145,69.2,118,14.8,0,12.6,87,39.8,87,11,0,6,143.2,43.2,76.4,11.6,0,7.8,98.33333333,51.33333333,93.66666667,14.4,0,8.066666667
8,1,125,56,76.2,12.2,0,11.4,111,56,73.33333333,11,0,11.66666667,111,35,88,10,0,4,62.4,47,75.6,17.2,0,5.6,139.4,71.4,121.8,14.2,0,13,78.4,45.6,98.4,11.8,0,6.4,135.4,46,81.4,11.2,0,6.6,93.4,54.66666667,98.6,14.4,0,8.333333333
8,2,119.2,52.2,82.2,13.6,0,8.8,111,54,88.66666667,12.33333333,0,7.666666667,64,37,91,10,0,4,76,54.4,76.6,17.4,0,6.6,139.8,66.4,108.6,11.8,0,11.6,90.6,46.4,91.6,12.8,0,6.8,118,42.6,81,11.2,0,5.8,102.1333333,55.73333333,92.26666667,14,0,8.333333333
8,3,109.2,55,93.2,15.2,0,9,97.66666667,55,88,15.33333333,0,9,68,46,79,14,0,4,95.6,54.4,70.8,18,0,7.2,129.6,62.4,88.4,10.4,0,12.2,95.4,45.2,77.6,12.2,0,7.2,101.4,42.4,80.2,11.8,0,5.2,106.8666667,54,78.93333333,13.53333333,0,8.866666667
8,4,110.2,53.4,72.4,13.4,0,7.4,110.6666667,45.33333333,66,12,0,7,72,59,37,16,0,7,107.6,49.6,55.4,17.4,0,7.4,121,57.8,80,10.4,0,11,102.4,45,68.6,13,0,7.4,87,43.4,71.4,12.6,0,5.2,110.3333333,50.8,68,13.6,0,8.6
8,5,110.6,53.2,64.8,14,0,8.4,88.66666667,44.33333333,51,14.33333333,0,8.666666667,109,46,78,12,0,7,111.6,49,55.6,17.6,0,7.8,113.6,48.4,67,10,0,11,112,42.6,71.6,13,0,6.8,84.8,44.6,74.6,12.4,0,5.2,112.4,46.66666667,64.73333333,13.53333333,0,8.533333333
8,6,110.2,44.8,73.6,11.8,0,6.8,91.33333333,41,76,11.66666667,0,6.666666667,106,34,73,9,0,6,113,46.8,52,16.8,0,8,100.6,40,59.2,10.6,0,10.6,107.6,43.8,72,13.8,0,6.8,83.8,44.4,71.6,12.2,0,5.6,107.0666667,43.53333333,61.06666667,13.73333333,0,8.466666667
8,7,89.4,43.4,85.2,16,0,7.8,75.66666667,44,83.33333333,17,0,8,74,38,81,9,0,5,108,42.4,52.6,16.8,0,7.6,86.2,40.6,70,12.6,0,11.4,107.2,44,74,12.8,0,6.4,85.8,44.6,69.6,12,0,5.8,100.4666667,42.33333333,65.53333333,14.06666667,0,8.466666667
8,8,90.8,47.2,86.2,15.6,0,8.2,85,40.33333333,72.33333333,13,0,7.333333333,74,38,87,7,0,4,102,42.2,58.8,16,0,7.6,87,41.6,80.4,12.2,0,10.8,107.8,42.6,75.4,13.2,0,6.2,87,43,71.2,10.6,0,5.8,98.93333333,42.13333333,71.53333333,13.8,0,8.2
8,9,100.6,52.2,82.8,15.6,0,8,86.66666667,47.33333333,85.66666667,15.66666667,0,8,70,28,75,7,0,3,97.2,47.4,61,18.4,0,8.6,90.4,40.4,77.2,12.2,0,11.2,102.8,36.4,64.4,12.8,0,5.8,86.6,36.8,78.8,8.8,0,5,96.8,41.4,67.53333333,14.46666667,0,8.533333333
8,10,114.8,59,73,13.6,0,10,104.3333333,48,51.66666667,13.33333333,0,8.666666667,59,53,106,9,0,5,103.8,49.8,58.4,18.8,0,9.2,92.2,46.6,84,11.8,0,11,87.6,34.4,53.4,12.2,0,5.6,76.6,38.2,84.4,8.2,0,4.6,94.53333333,43.6,65.26666667,14.26666667,0,8.6
8,11,127,49,56.8,13.2,0,8.2,104.3333333,35.66666667,42.66666667,11.66666667,0,8,102,41,47,11,0,6,112,50.4,57.2,20.2,0,10,101,44,72.6,10.4,0,10.6,79.6,28.2,40.8,10.4,0,5,75.8,39.6,79.2,8.6,0,4.6,97.53333333,40.86666667,56.86666667,13.66666667,0,8.533333333
8,12,106.6,49,60.8,14.4,0,7.6,85.33333333,36,48,12.33333333,0,7,100,24,53,6,0,6,118.2,54.6,63.6,20.6,0,10.4,102.8,40,57.8,9.8,0,9.6,62.8,24.6,35.6,11.4,0,4.8,81,36.8,73.6,8,0,4.8,94.6,39.73333333,52.33333333,13.93333333,0,8.266666667
8,13,96,36.2,55.8,13.2,0,6.6,78.33333333,29,45,12.66666667,0,7,53,47,90,10,0,6,124.6,61.6,60.4,21.2,0,10.8,94.2,35.6,56.2,10.4,0,8.4,55.6,28,44.6,12.4,0,4.6,76.8,38.6,74.2,8.6,0,5.2,91.46666667,41.73333333,53.73333333,14.66666667,0,7.933333333
8,14,83.6,42,66.4,15.2,0,6.2,80,42.66666667,70,15,0,6.333333333,96,51,44,11,0,6,139.6,53.2,60.4,18,0,9.6,81.2,38,68.6,12.8,0,7,51.8,28,48.4,11.4,0,4.2,82,43.2,68,9.4,0,5.8,90.86666667,39.73333333,59.13333333,14.06666667,0,6.933333333
8,15,74.4,40.4,77,15,0,5.8,75.33333333,33.33333333,56.33333333,12.66666667,0,5.333333333,109,44,35,11,0,6,124.6,50.4,57.2,19.2,0,8.8,73.8,34.2,64.4,13.4,0,6.6,46.6,28.8,49,12.2,0,4,92,41.4,53.8,9.8,0,6,81.66666667,37.8,56.86666667,14.93333333,0,6.466666667
8,16,72.2,54.8,72.2,19.2,0,7,64,40.66666667,74.66666667,15.66666667,0,5.333333333,115,43,34,11,0,7,110.4,45.4,51,19.4,0,7.2,62.2,36.8,63.8,15,0,6.2,47.8,34.4,57.6,13.8,0,4.2,94.6,41.8,51.2,9.8,0,6.2,73.46666667,38.86666667,57.46666667,16.06666667,0,5.866666667
8,17,89.75,50.75,62.5,19.75,0,8,67,47.66666667,59,20,0,8.333333333,125,23,27,12,0,6,86.6,39.8,36.8,19.8,0,6.2,57.4,38.8,69.8,14.6,0,6.8,54.4,41.8,70.8,14.4,0,4.6,99.6,41.6,46,11,0,6.2,66.13333333,40.13333333,59.13333333,16.26666667,0,5.866666667
8,18,103.8,45.8,66.8,17.2,0,7.8,81,49.66666667,61.66666667,17,0,8,90,23,23,11,0,3,65.8,30.2,33.6,19.2,0,5.2,62.8,39,65.4,15,0,6.6,60,44.4,60.6,14,0,5.2,107,36.8,32.6,11.2,0,5.6,62.86666667,37.86666667,53.2,16.06666667,0,5.666666667
8,19,96,50.2,76.6,16.6,0,9,95,51.33333333,61,16,0,9.666666667,41,30,31,11,0,5,47.2,30.8,29.4,19,0,4.8,62.4,37.4,47.6,16,0,7,72.4,45.8,62.4,15.2,0,5.6,96,32.6,30,11.2,0,5.4,60.66666667,38,46.46666667,16.73333333,0,5.8
8,20,111.4,43.2,82.2,16.8,0,6.4,115.3333333,43,62.66666667,16,0,6.333333333,72,42,64,11,0,5,45,32.6,29.2,18.8,0,4.4,55.8,39.2,49.6,17.4,0,6.8,85.2,47.4,62.4,16.6,0,6,88.6,32.2,35.8,11.2,0,5.2,62,39.73333333,47.06666667,17.6,0,5.733333333
8,21,92.4,45.8,49.8,17.4,0,7.2,95.33333333,52.33333333,39.66666667,20.66666667,0,7.333333333,77,55,69,12,0,5,46.2,39.2,34.6,19,0,5,57.8,38.4,53,17.2,0,6.8,89.2,44.4,54,16.6,0,5.8,81,34.6,42.8,11.4,0,4.8,64.4,40.66666667,47.2,17.6,0,5.866666667
8,22,84,36.4,52.8,16,0,6.4,87.66666667,31.66666667,48.33333333,17,0,5.666666667,112,61,71,11,0,7,64.4,43.6,39.8,17.6,0,5.6,54.2,41.4,57.4,18.8,0,6.4,86.4,40,48.6,16.4,0,5.4,78.4,42.2,51.6,11.2,0,5,68.33333333,41.66666667,48.6,17.6,0,5.8
8,23,73.2,40,52.2,18.2,0,6.4,54.66666667,36.33333333,53,18.33333333,0,6,141,20,47,5,0,3,83.8,60,44.4,18.6,0,7.8,54.8,49.2,66.4,18.6,0,7.6,76.6,37.8,54.2,16.4,0,5,88.6,41.6,56.4,10,0,5,71.73333333,49,55,17.86666667,0,6.8
8,24,70.6,35.6,55.8,16.6,0,4.8,49,44.33333333,67.33333333,19,0,5.666666667,42,47,97,16,0,4,112.2,68,50.4,19.4,0,8.8,72.6,52.2,79.2,16.2,0,8,67.8,46.8,56.8,17.4,0,5.6,88.8,45,69.6,11,0,4.8,84.2,55.66666667,62.13333333,17.66666667,0,7.466666667
8,25,56,45.6,53.8,16.2,0,6,62,61.66666667,58.33333333,18,0,7.666666667,71,65,78,19,0,15,133.6,71.2,58.2,18.4,0,9.4,86.8,56.4,83.2,15.8,0,9,82,48.4,58,17.2,0,5.6,88.6,49.6,72.4,12.6,0,6.8,100.8,58.66666667,66.46666667,17.13333333,0,8
8,26,83.2,36.8,52.6,16,0,5.4,114,44,57.66666667,15.33333333,0,6.333333333,137,50,50,14,0,9,147.2,73.4,60.6,17.2,0,9.6,100.6,54.8,83.6,14.8,0,8.4,86.6,46.8,56.4,15.4,0,5.2,100.6,48.6,68.6,13,0,7.6,111.4666667,58.33333333,66.86666667,15.8,0,7.733333333
8,27,70.2,32.8,48.2,14,0,5,88,37,45.33333333,13,0,6,112,37,73,9,0,4,153.6,70,57.8,17.6,0,9.2,97.8,52.8,72.8,14,0,8.8,81.4,40.6,47,13.2,0,4.6,100.6,43.8,69,12.6,0,7,110.9333333,54.46666667,59.2,14.93333333,0,7.533333333
8,28,57.8,31.4,51,13.8,0,4,65.33333333,26.33333333,37.66666667,12.66666667,0,3.333333333,62,66,73,16,0,8,131,61,56.6,19,0,7.4,93.8,45,69.6,14.2,0,7.8,72.6,35.4,40.6,12.2,0,3.8,84.8,53,74.2,14.8,0,8,99.13333333,47.13333333,55.6,15.13333333,0,6.333333333
8,29,44.2,43.4,56.6,16.4,0,6.8,31.66666667,43.33333333,47.66666667,16.33333333,0,6,142,53,72,10,0,9,105.8,66.2,62.8,22.4,0,7.4,77.4,40.6,63.8,14,0,8,62.4,28,44.6,11.2,0,2.8,104.8,54.2,69.2,13.6,0,9,81.86666667,44.93333333,57.06666667,15.86666667,0,6.066666667
8,30,75,39.8,55.4,15.8,0,5.4,68.66666667,43.66666667,68.33333333,14.33333333,0,5.333333333,135,31,21,11,0,4,102.4,72,63.8,23.8,0,7.8,73.4,37.6,60.2,12.2,0,7.4,39.6,29.2,53.2,10.8,0,2.6,117.6,47.4,57.8,12,0,6.8,71.8,46.26666667,59.06666667,15.6,0,5.933333333
8,31,77.4,46.6,53.6,14,0,7.4,81,66,70,16,0,10,57,28,37,11,0,4,107,72.2,59.4,27,0,8,68.8,36.8,57.2,12,0,8.2,37,35.2,68.4,12.4,0,3,101.6,43,55.2,11.4,0,5.8,70.93333333,48.06666667,61.66666667,17.13333333,0,6.4
9,1,87.6,41.4,58.2,13,0,5.8,124.3333333,55.33333333,74.66666667,14,0,7.333333333,52,21,14,17,0,3,102.2,83.2,66.4,31.2,0,9.2,80.2,31.4,56.4,11.4,0,7,49.2,46,87.4,15.6,0,4,89.6,39.8,43.4,13,0,5.6,77.2,53.53333333,70.06666667,19.4,0,6.733333333
9,2,83,40.4,74.6,15,0,6.4,113.6666667,48.33333333,77.33333333,16,0,7.333333333,,,,,,,129.6,77.8,64.2,29.6,0,8.8,75,31.6,51.2,11.4,0,6.6,73,54.4,101.2,18.2,0,5.2,,,,,,,92.53333333,54.6,72.2,19.73333333,0,6.866666667
9,3,89.2,55.8,70,17,0,8.6,113,52,73.33333333,17.66666667,0,6.333333333,,,,,,,124.8,71.4,59.2,28.8,0,7.8,74.2,29.2,43.4,10.6,0,5,94.4,59.4,108.2,19.2,0,5.8,,,,,,,97.8,53.33333333,70.26666667,19.53333333,0,6.2
9,4,119.2,40.2,56.6,14.8,0,5.2,106.3333333,46.66666667,66.66666667,16.66666667,0,5,,,,,,,110,62.6,51,29,0,6.8,58.6,23.2,36.8,10.4,0,3.8,108,63.6,117.4,20.4,0,6.4,,,,,,,92.2,49.8,68.4,19.93333333,0,5.666666667
9,5,75.75,40,62.5,16.75,0,5,81.5,51.5,81,15.5,0,5,,,,,,,90,56.8,48.4,27.8,0,5.8,42.2,23.6,37.8,10.6,0,2.6,121.4,66,120.2,22,0,6.8,,,,,,,84.53333333,48.8,68.8,20.13333333,0,5.066666667
9,6,75,42,74.5,17.75,0,5,85,40.5,74.5,15.5,0,4,,,,,,,73,56.2,47.8,29.2,0,5.6,31.6,30.8,42.6,12,0,3,130.4,64.4,117,21.6,0,6.6,,,,,,,78.33333333,50.46666667,69.13333333,20.93333333,0,5.066666667
9,7,83.5,44.75,69.25,20.5,0,5.5,73,41,74.5,15.5,0,4,,,,,,,66.6,62.6,47.4,29.8,0,5.8,40.2,37.2,46,14,0,4.4,124.4,69.2,118.6,20.2,0,8,,,,,,,77.06666667,56.33333333,70.66666667,21.33333333,0,6.066666667
9,8,82.5,54.75,64,20.75,0,8,67.5,70.5,90.5,18,0,10,,,,,,,71.2,77,47,31.6,0,6.8,54.4,42.6,53.4,15.4,0,5.2,129,60,102,18.6,0,7.6,,,,,,,84.86666667,59.86666667,67.46666667,21.86666667,0,6.533333333
9,9,98,29.5,41,17.75,0,5.5,116,39.5,49.5,17,0,7,,,,,,,83.8,90.2,54.8,33.8,0,8.4,68.4,51.8,64.8,17.2,0,6.4,113.2,52.6,80,17.8,0,7.8,,,,,,,88.46666667,64.86666667,66.53333333,22.93333333,0,7.533333333
9,10,59.25,40.5,43.25,15.25,0,6.5,77.5,46.5,44.5,17,0,7.5,,,,,,,104,98.8,61,33.4,0,10.4,86.2,62.4,73.6,20.4,0,7.8,99.6,46,62.8,15.4,0,7.6,,,,,,,96.6,69.06666667,65.8,23.06666667,0,8.6
9,11,65.6,41.8,49.4,17,0,5.6,67.66666667,51,56.33333333,18,0,6.333333333,,,,,,,122.6,89,52.4,29.2,0,10,111.8,68.8,77.2,22.6,0,8.8,88.6,41.2,47.2,13.6,0,7.2,,,,,,,107.6666667,66.33333333,58.93333333,21.8,0,8.666666667
9,12,72.6,61.8,59.6,24.2,0,7.6,82,68,67.33333333,24.33333333,0,7.666666667,,,,,,,114.2,86.6,47.2,30.4,0,11.2,131.2,60.6,69.4,19.6,0,7.4,83.4,29.6,33.2,13.2,0,5,,,,,,,109.6,58.93333333,49.93333333,21.06666667,0,7.866666667
9,13,120.2,70,73.8,24.2,0,8.2,126,67,68.66666667,22.66666667,0,7.666666667,,,,,,,116.4,65.4,40.8,25.2,0,9.6,116.6,52.8,63,18.6,0,6.4,62,37.4,41.2,15.2,0,5.2,,,,,,,98.33333333,51.86666667,48.33333333,19.66666667,0,7.066666667
9,14,134.8,62.2,71.2,23.2,0,7,122,51,49.66666667,20.66666667,0,5.666666667,,,,,,,96.8,59,30.4,26.4,0,8.8,100.6,48,51.6,19,0,5.4,74.2,40.4,48,14.8,0,4.6,,,,,,,90.53333333,49.13333333,43.33333333,20.06666667,0,6.266666667
9,15,119.8,64.2,63.8,26.2,0,8.2,90.66666667,57,53.66666667,22,0,6.333333333,,,,,,,90.6,60,27.6,29,0,8,87.8,42.8,40.4,17.6,0,4.6,74.6,45,56.4,15.2,0,4.8,,,,,,,84.33333333,49.26666667,41.46666667,20.6,0,5.8
9,16,126.4,54,48.6,22,0,6.4,87.33333333,41.66666667,47.66666667,16.66666667,0,4.333333333,,,,,,,96.6,61.8,29.8,29.6,0,7.8,69,36.8,27.2,17,0,4,86.4,42.8,57.6,15,0,4.4,,,,,,,84,47.13333333,38.2,20.53333333,0,5.4
9,17,102,45.8,37.8,21.6,0,5.4,72.33333333,45,42.33333333,20.33333333,0,4,,,,,,,99.6,59,30.4,27.8,0,6.6,51.4,44.8,32,19.6,0,4.8,76.4,48.8,57,16.4,0,4.8,,,,,,,75.8,50.86666667,39.8,21.26666667,0,5.4
9,18,72.4,41.8,37.4,22.4,0,5,53.33333333,52.33333333,32,24.33333333,0,5.666666667,,,,,,,94.2,60.4,29.2,28.6,0,7,66,49,29.6,19.8,0,5.2,82.8,50.6,56,16.6,0,5.2,,,,,,,81,53.33333333,38.26666667,21.66666667,0,5.8
9,19,60.6,59,55.4,22.8,0,6.8,70,57.66666667,51.66666667,23.33333333,0,6,,,,,,,97.8,55.2,30.6,24.4,0,6.4,70.6,46.2,28.8,17.4,0,5.2,84.8,56,65.8,18.2,0,6.6,,,,,,,84.4,52.46666667,41.73333333,20,0,6.066666667
9,20,98.6,75.8,61.4,31.6,0,9.4,90,72,65,27.33333333,0,9,,,,,,,90.2,47.2,27.2,20,0,5.6,64.8,41.4,28.2,15.6,0,4.8,99.6,57.6,71,18.6,0,7.8,,,,,,,84.86666667,48.73333333,42.13333333,18.06666667,0,6.066666667
9,21,127.4,67.6,51.4,20.8,0,8.6,109,50.33333333,54.33333333,14.33333333,0,6.666666667,,,,,,,79.8,47.4,28,18.8,0,5.2,57.2,34.8,31.2,12.6,0,4,105.6,62,73,20.4,0,8.8,,,,,,,80.86666667,48.06666667,44.06666667,17.26666667,0,6
9,22,118.8,71,52,22.6,0,7.4,80.33333333,68.33333333,44,23.33333333,0,6.666666667,,,,,,,85,56.4,25.8,23,0,6.4,46.8,31.6,27.6,11.2,0,3.6,118.4,56.2,74.6,19.2,0,8.4,,,,,,,83.4,48.06666667,42.66666667,17.8,0,6.133333333
9,23,102.8,75.6,62.4,23.4,0,8,83,53.66666667,52.66666667,21,0,6.333333333,,,,,,,110,70,21.6,26.8,0,8.2,37.4,33.4,30.2,12.4,0,4,111.6,53,77.8,19.2,0,8.4,,,,,,,86.33333333,52.13333333,43.2,19.46666667,0,6.866666667
9,24,110.6,66,53.6,20.2,0,9.2,75,61.33333333,61.33333333,20.33333333,0,8.666666667,,,,,,,136.6,62,18.2,26.2,0,8.6,46.2,43,31.4,17,0,5.2,105.2,49.6,76.2,19,0,7.4,,,,,,,96,51.53333333,41.93333333,20.73333333,0,7.066666667
9,25,110.8,55.2,50,21.4,0,7.8,94.66666667,53,52.33333333,22,0,7.333333333,,,,,,,138.2,52.8,14.4,24.6,0,8,71.6,49.6,33.6,18.6,0,6.2,99,47,72,18.8,0,6.8,,,,,,,102.9333333,49.8,40,20.66666667,0,7
9,26,103.4,51.8,40.2,22.4,0,8.4,99.33333333,58,40.66666667,23.66666667,0,9.666666667,,,,,,,118.8,44.4,10.2,23.2,0,7.6,92.8,48.2,33,19,0,6.8,93.4,50,82,18.4,0,7,,,,,,,101.6666667,47.53333333,41.73333333,20.2,0,7.133333333
9,27,107.8,45.2,42.8,18.4,0,6.4,117,49,53.66666667,16.66666667,0,6,,,,,,,100,34.2,13,19.8,0,6.4,92.4,42.2,30.8,17.8,0,6.4,104.6,57.2,91.6,19.2,0,8,,,,,,,99,44.53333333,45.13333333,18.93333333,0,6.933333333
9,28,95.2,56.6,40.6,25.2,0,8.2,104.3333333,52.66666667,50.33333333,25,0,7.666666667,,,,,,,79.6,25.2,16.4,18.8,0,5.8,82.8,35.2,30,15.4,0,6.2,130.8,63.4,89.6,19.2,0,8.6,,,,,,,97.73333333,41.26666667,45.33333333,17.8,0,6.866666667
9,29,114.4,63.4,47.6,24.6,0,7.6,107.6666667,63.33333333,49.66666667,22.66666667,0,7.666666667,,,,,,,65.4,29.8,15.8,20.4,0,5.4,70.8,26,30.6,12.8,0,5.2,140.6,64,86.8,16.8,0,9,,,,,,,92.26666667,39.93333333,44.4,16.66666667,0,6.533333333
9,30,107,54.75,39,21.5,0,7.5,93.5,38,34,17,0,6.5,,,,,,,57.8,37.6,15.8,23.4,0,7,49.6,21.2,30.2,13.2,0,4.6,146.2,67.6,94,16.6,0,8.8,,,,,,,84.53333333,42.13333333,46.66666667,17.73333333,0,6.8
10,1,102.2,60.2,46.2,19.8,0,7.2,89.66666667,41,43.33333333,15,0,6,,,,,,,77.6,44,17,25,0,7.8,33.6,30,36.8,15.2,0,5.4,149.6,60.8,79.2,14.4,0,8,,,,,,,86.93333333,44.93333333,44.33333333,18.2,0,7.066666667
10,2,103.2,57,56.2,19.2,0,6.4,75.66666667,45.33333333,56.66666667,17.66666667,0,5.666666667,,,,,,,89.8,50.4,17.6,26.4,0,9,51,41.2,42.8,18.6,0,7,128.8,50.6,64.8,12,0,6.6,,,,,,,89.86666667,47.4,41.73333333,19,0,7.533333333
10,3,98.8,55.8,39.4,21,0,8,83,46,38,16.66666667,0,6.333333333,,,,,,,104.8,42.2,16.2,25.2,0,9.2,79.2,41.4,41.4,18.8,0,6.8,98.6,42.2,54.6,11.4,0,5.4,,,,,,,94.2,41.93333333,37.4,18.46666667,0,7.133333333
10,4,100.2,70.2,46.6,22.6,0,9.4,78.66666667,47.66666667,40.33333333,16.66666667,0,6.333333333,,,,,,,112.6,47,19.2,25,0,10.8,78.6,42.4,39.8,19,0,6.6,89,41,44.4,12.8,0,4.8,,,,,,,93.4,43.46666667,34.46666667,18.93333333,0,7.4
10,5,138,75.2,38.8,23.2,0,9.6,102.3333333,38.33333333,28.33333333,15.66666667,0,4.666666667,,,,,,,131.4,54.4,19.6,26,0,11.6,78.6,42.8,39.4,18.2,0,6.4,86.4,32.2,26.6,12,0,3.6,,,,,,,98.8,43.13333333,28.53333333,18.73333333,0,7.2
10,6,144.6,82,23.6,28.6,0,10.6,81.33333333,55.66666667,20,24.66666667,0,6.666666667,,,,,,,142,56.4,20.4,25.6,0,12.6,78,33.6,31.8,14.2,0,4.8,63.6,37.4,28.8,15,0,3.8,,,,,,,94.53333333,42.46666667,27,18.26666667,0,7.066666667
10,7,148,40.8,21.8,16.6,0,5.2,113,54,19.33333333,21.33333333,0,6.333333333,,,,,,,149.4,53.6,19.2,24.6,0,12.2,59,22.8,24.8,11.2,0,3.2,73.2,43.4,27.6,16.4,0,4.4,,,,,,,93.86666667,39.93333333,23.86666667,17.4,0,6.6
10,8,67.2,35.6,21.8,15.8,0,4.6,88.33333333,26,23.33333333,14,0,4.666666667,,,,,,,139.6,58.2,21,23.8,0,11.2,32.4,24,24,12.4,0,3,93.2,46,27,17,0,5,,,,,,,88.4,42.73333333,24,17.73333333,0,6.4
10,9,71.4,38.2,18.8,15,0,5.2,65.66666667,24.33333333,20.33333333,11.33333333,0,3.666666667,,,,,,,126.2,59,21.6,24,0,10.4,33,30.6,24.8,14.2,0,3.6,100,47.8,22.2,18.8,0,6.6,,,,,,,86.4,45.8,22.86666667,19,0,6.866666667
10,10,73.2,42.8,22.8,17.2,0,6,59,30.66666667,19,16.33333333,0,4.666666667,,,,,,,126.2,57.2,20,24.8,0,9.8,46.8,38.8,25.4,17.6,0,4.8,93.6,52.6,18.6,21,0,8,,,,,,,88.86666667,49.53333333,21.33333333,21.13333333,0,7.533333333
10,11,79.8,52,22.6,23.8,0,7.6,62.33333333,52.66666667,18,25,0,8.333333333,,,,,,,126.6,67.4,15,29,0,10.2,70.2,57.8,28.8,24.8,0,7,102.8,45.4,16,19.2,0,7.6,,,,,,,99.86666667,56.86666667,19.93333333,24.33333333,0,8.266666667
10,12,94.6,70.8,23.2,32,0,9.8,91.33333333,60.66666667,20,29,0,9.666666667,,,,,,,142.4,62.8,17.2,27.2,0,9.6,106.4,77.6,28.4,29.4,0,9.4,92.4,42.8,15,19.8,0,7.4,,,,,,,113.7333333,61.06666667,20.2,25.46666667,0,8.8
10,13,133,82,25.6,34,0,11.8,119,53.33333333,23.66666667,25.66666667,0,7,,,,,,,138.6,58.6,17.8,25.4,0,9,141.6,84.6,29.8,29.8,0,10.6,79.4,40.8,14.4,19.8,0,7,,,,,,,119.8666667,61.33333333,20.66666667,25,0,8.866666667
10,14,150.8,83.6,21.6,32.8,0,13,96,66,18,25,0,10,,,,,,,126.4,52.8,15.8,25,0,8,163.2,79.6,28.6,28.6,0,10.6,74.4,38.6,13.6,19.4,0,5.8,,,,,,,121.3333333,57,19.33333333,24.33333333,0,8.133333333
10,15,162.2,84.2,34.4,28.8,0,10.2,129,49.66666667,22.33333333,19.66666667,0,7.333333333,,,,,,,108.2,53.2,14.2,26,0,7.4,161,74.2,27.2,26.8,0,10,86.6,42.2,15,21.8,0,6.6,,,,,,,118.6,56.53333333,18.8,24.86666667,0,8
10,16,153.4,96.6,21,33.6,0,11.8,110.3333333,51.33333333,15.66666667,24.66666667,0,8.333333333,,,,,,,100.8,45.6,15.4,25.8,0,6.2,148,62.8,25,24.4,0,8.6,110.8,58.4,15.4,24,0,7.6,,,,,,,119.8666667,55.6,18.6,24.73333333,0,7.466666667
10,17,184,54,15.5,26.75,0,11.25,121.5,32.5,18.5,25.5,0,9,,,,,,,85.6,53,14.4,29.2,0,7,131.2,52.2,27.4,24.4,0,7.2,133.2,61,15.2,24.6,0,7.8,,,,,,,116.6666667,55.4,19,26.06666667,0,7.333333333
10,18,143,74.8,21,29,0,12,135.6666667,58.33333333,22.66666667,28.33333333,0,10.66666667,,,,,,,94,54.4,14.4,29.8,0,6.8,121,58,24.4,30,0,8.2,132.6,69.4,16.2,27,0,8.8,,,,,,,115.8666667,60.6,18.33333333,28.93333333,0,7.933333333
10,19,170,83.6,17.6,28.6,0,11.4,152.3333333,83,24.66666667,28.33333333,0,10.33333333,,,,,,,95.6,57.8,14.6,31.2,0,7.4,130.2,67,24.8,31.6,0,9.4,139.6,77.6,23.4,29.4,0,9.4,,,,,,,121.8,67.46666667,20.93333333,30.73333333,0,8.733333333
10,20,160.4,60.6,17,24,0,9.4,159,64.66666667,20,28.33333333,0,10.66666667,,,,,,,105.4,58.6,16.6,31.4,0,8,153.2,64.2,24,29.6,0,8.8,141.6,79.2,23.6,29.4,0,9.4,,,,,,,133.4,67.33333333,21.4,30.13333333,0,8.733333333
10,21,129,55.6,16.8,23.8,0,8.6,129.3333333,71.66666667,19.66666667,28.33333333,0,10.33333333,,,,,,,112.2,64,18.4,30.8,0,9.2,142.2,68.6,21.2,30.6,0,9.2,134,63,23,27,0,8.6,,,,,,,129.4666667,65.2,20.86666667,29.46666667,0,9
10,22,114.2,53,22.8,24.8,0,7,144.3333333,55.66666667,27,24.66666667,0,7,,,,,,,123,64.8,20,29.6,0,9,144,74,16.6,31.6,0,10.4,117.4,63.8,22.6,27.4,0,8.8,,,,,,,128.1333333,67.53333333,19.73333333,29.53333333,0,9.4
10,23,100.2,71.6,16.2,28.6,0,10.2,98.33333333,69.66666667,19.33333333,30.33333333,0,10,,,,,,,125.2,66.6,17.8,31.6,0,10,146,66,18,24.2,0,8.2,124.4,61.2,22.2,26.4,0,8.4,,,,,,,131.8666667,64.6,19.33333333,27.4,0,8.866666667
10,24,141.4,66.4,10.6,28.2,0,10,142.6666667,62,13.33333333,27.33333333,0,10,,,,,,,131.8,70.8,15,32.4,0,11.2,113.8,56.4,17.2,21.4,0,6.4,128.6,72.2,19.4,21.4,0,6.8,,,,,,,124.7333333,66.46666667,17.2,25.06666667,0,8.133333333
10,25,134.6,67,16.2,21.2,0,6.8,135.3333333,69.66666667,13.33333333,23.66666667,0,8,,,,,,,139,61.8,17.4,26.6,0,9.6,80,56.8,18.4,19.2,0,6,113.4,71.4,20.2,20,0,5.4,,,,,,,110.8,63.33333333,18.66666667,21.93333333,0,7
10,26,76,48,15.75,20.75,0,6.5,61.5,52,20,21,0,5.5,,,,,,,111.8,47.2,16.8,22.6,0,7.2,74.4,45.8,20.4,14.6,0,5,101.6,84.8,17.8,25.2,0,6.4,,,,,,,95.93333333,59.26666667,18.33333333,20.8,0,6.2
10,27,110.6,48.8,25.2,11.2,0,3.4,135,70.66666667,25.66666667,10.33333333,0,3.666666667,,,,,,,82.8,47.2,12.2,24,0,7.2,53.6,33.4,24,10.4,0,3,118,89.2,20.8,27.2,0,7.6,,,,,,,84.8,56.6,19,20.53333333,0,5.933333333
10,28,51.8,34.4,21.8,16.2,0,3.8,62,35.66666667,22.33333333,16.33333333,0,4,,,,,,,85,52,14.6,22.2,0,6.8,29.8,33.8,23.2,14,0,3.8,122.6,87.2,21,26.6,0,7.6,,,,,,,79.13333333,57.66666667,19.6,20.93333333,0,6.066666667
10,29,52.8,48.4,18.6,24,0,5.8,49.33333333,49,17.66666667,26,0,5.666666667,,,,,,,87.2,42.4,18.6,18,0,4.8,41.4,37.8,23,17.2,0,5,111.6,66.8,18,29.2,0,8.2,,,,,,,80.06666667,49,19.86666667,21.46666667,0,6
10,30,85.6,53.4,18.4,26.6,0,7.4,82,66.66666667,17,31.33333333,0,9.333333333,,,,,,,68.6,42.4,18,21,0,5,56.2,48.8,18.8,26.6,0,7.4,110,62.2,16.6,27.2,0,8,,,,,,,78.26666667,51.13333333,17.8,24.93333333,0,6.8
10,31,96.8,62.2,15.8,31.8,0,8.4,113,62.33333333,16.33333333,32,0,8.666666667,,,,,,,74.4,50.8,16.2,25,0,6.6,90.4,64.8,21,33.4,0,9.8,108.6,56.8,17.8,24.6,0,8,,,,,,,91.13333333,57.46666667,18.33333333,27.66666667,0,8.133333333
11,1,121.2,76.8,11.6,37.8,0,11.4,116,67.33333333,12,36,0,10,,,,,,,93.8,47.2,20.4,21.8,0,6.2,127.2,70.6,17.4,35.2,0,10.6,105.8,52.8,15.2,22.2,0,7,,,,,,,108.9333333,56.86666667,17.66666667,26.4,0,7.933333333
11,2,147.8,91.8,20.8,34,0,13.2,130.3333333,57,23.66666667,25.33333333,0,7.333333333,,,,,,,79.8,43.8,20.6,21.4,0,6.2,144.4,66.8,16,34.2,0,10,105.2,53.4,13.6,23.2,0,6.8,,,,,,,109.8,54.66666667,16.73333333,26.26666667,0,7.666666667
11,3,161.2,96.4,11.8,37,0,14.4,111,55.33333333,14,27,0,8,,,,,,,81.6,56.4,16.6,26.4,0,7.8,141.2,61.8,14.4,31.8,0,9,111,53,15.2,21.8,0,6.6,,,,,,,111.2666667,57.06666667,15.4,26.66666667,0,7.8
11,4,166.25,74.5,14.75,29,0,12.5,122.3333333,55,13.66666667,26,0,7.666666667,,,,,,,107.8,67.4,14.2,30.2,0,10,128.4,52.6,14,26.6,0,7.4,111,56.6,14.6,24.4,0,7.2,,,,,,,115.7333333,58.86666667,14.26666667,27.06666667,0,8.2
11,5,149.8,54.8,15.6,23.6,0,7.8,118,64,14,28.66666667,0,8.666666667,,,,,,,131.2,76.2,16,32.8,0,11.6,107.2,49,8,25.2,0,6.6,115.8,59,14,26.4,0,7.6,,,,,,,118.0666667,61.4,12.66666667,28.13333333,0,8.6
11,6,115.2,43.2,18.2,19.2,0,5.8,122.3333333,52.66666667,16.66666667,23,0,6.666666667,,,,,,,139.2,73.2,16,31.4,0,10.8,97.4,48.2,10.6,24.4,0,6.4,120.4,64,15.4,24.6,0,7.2,,,,,,,119,61.8,14,26.8,0,8.133333333
11,7,89,56.6,11.8,27.2,0,7.8,98.66666667,60,9,30.66666667,0,8.666666667,,,,,,,131.6,70.4,14.2,30.2,0,10.4,89.6,49,11.2,24.2,0,6.4,116.6,61.4,17.8,22.6,0,6.8,,,,,,,112.6,60.26666667,14.4,25.66666667,0,7.866666667
11,8,114,85.4,8.6,30.4,0,14.4,113.6666667,65,12.66666667,30.33333333,0,10.33333333,,,,,,,121,60.2,17.2,25.6,0,9.4,85.8,55.8,12.6,25.8,0,7,106.6,67.2,15.8,26.2,0,7.6,,,,,,,104.4666667,61.06666667,15.2,25.86666667,0,8
11,9,163.2,71.4,14.4,18,0,8.2,129,49.66666667,21,13,0,4.333333333,,,,,,,98.8,55,16,24.2,0,8,99.2,63.4,14.6,27.8,0,8,118.8,64.4,18.6,21.6,0,6.4,,,,,,,105.6,60.93333333,16.4,24.53333333,0,7.466666667
11,10,114,60.6,12.6,23.6,0,9.4,60,46.66666667,19.33333333,21.33333333,0,5,,,,,,,88.8,37.6,18.2,16.4,0,4.8,118,68.2,16.4,28.4,0,9.2,104,60.8,18.2,19.8,0,5.6,,,,,,,103.6,55.53333333,17.6,21.53333333,0,6.533333333
11,11,115.2,85.6,8.4,31.8,0,12.8,79.66666667,75,9,34.66666667,0,9.666666667,,,,,,,59.2,44.2,14,21.2,0,6.6,141.2,61,16.2,26.8,0,9.4,89,57.8,15.2,22,0,6.2,,,,,,,96.46666667,54.33333333,15.13333333,23.33333333,0,7.4
11,12,166.8,93.2,13.2,25.2,0,14.6,154,71.33333333,20.66666667,21,0,8,,,,,,,82.6,52,15.4,23.6,0,7.8,143,58.8,18,25.4,0,9.4,89.4,61.4,12,22.8,0,7.8,,,,,,,105,57.4,15.13333333,23.93333333,0,8.333333333
11,13,137.25,62.75,17,23.75,0,12.5,61,37.5,18,19,0,5,,,,,,,95.6,51.6,14.6,24.2,0,7.2,140.4,58,15.4,25.8,0,9.4,102.6,75.2,14.8,19,0,7.8,,,,,,,112.8666667,61.6,14.93333333,23,0,8.133333333
11,14,158.8,66.2,15.6,25.6,0,12.8,133.3333333,39,17,20.66666667,0,7,,,,,,,92.6,46.4,18,21.2,0,6.4,138.6,53.6,17.2,22.8,0,8.4,101.8,80,14.2,19.4,0,8,,,,,,,111,60,16.46666667,21.13333333,0,7.6
11,15,126.8,64.6,10.4,28,0,12.2,87.66666667,53.33333333,11.33333333,24.33333333,0,9.333333333,,,,,,,82.2,57.4,14.4,26.4,0,8,122.2,47.6,15.4,21.6,0,7,106.6,79.6,16.6,17,0,7.4,,,,,,,103.6666667,61.53333333,15.46666667,21.66666667,0,7.466666667
11,16,128,85,13.6,24,0,12.2,106,84,18.33333333,20.66666667,0,7.666666667,,,,,,,105.8,69.8,14.2,31.6,0,10,92.2,57.2,15.4,23.8,0,7,103.4,85.4,15.6,19.6,0,7.8,,,,,,,100.4666667,70.8,15.06666667,25,0,8.266666667
11,17,128.6,84.4,15.6,21.4,0,12,107.3333333,59.66666667,23.66666667,14.33333333,0,4.666666667,,,,,,,119.2,67.8,14.4,31.8,0,10.2,94.4,61.4,15,25.4,0,7.2,114.4,93.8,14.8,22.4,0,8.4,,,,,,,109.3333333,74.33333333,14.73333333,26.53333333,0,8.6
11,18,123.25,79.25,13,28,0,10.75,83,70,10.66666667,28.33333333,0,8.333333333,,,,,,,118.6,66,15.8,30,0,10.2,102.4,60.6,16,25.2,0,7.2,122,88.8,10.8,28,0,11.4,,,,,,,114.3333333,71.8,14.2,27.73333333,0,9.6
11,19,137,80,10.25,30.75,0,11,121.6666667,83,11.33333333,35,0,11.33333333,,,,,,,114.6,65.6,15.2,30,0,10,98.4,63.2,11.6,27.4,0,8.6,133.8,94.2,9.6,33.4,0,14.2,,,,,,,115.6,74.33333333,12.13333333,30.26666667,0,10.93333333
11,20,144.25,71.25,15,28.75,0,10.75,148.6666667,89,12.33333333,36,0,13.33333333,,,,,,,111.6,59.2,18.2,27.2,0,9.2,109.8,63.6,14.4,26.2,0,8.6,159,90,10.2,31.8,0,14,,,,,,,126.8,70.93333333,14.26666667,28.4,0,10.6
11,21,120,56.5,15.5,22.75,0,9.25,145.3333333,69.33333333,13.33333333,27.33333333,0,11.33333333,,,,,,,96.6,38.4,22,17.2,0,5.4,116.8,67,12.2,28.2,0,9.6,153.2,77.4,11.8,27.4,0,12.8,,,,,,,122.2,60.93333333,15.33333333,24.26666667,0,9.266666667
11,22,89.75,56.5,12.5,22.5,0,9.25,107.6666667,68.33333333,11.33333333,25,0,11,,,,,,,59.8,35.8,19,17.4,0,4.8,128.6,84.8,9,35.6,0,13.4,133,68.8,12.2,25.8,0,11.2,,,,,,,107.1333333,63.13333333,13.4,26.26666667,0,9.8
11,23,102.2,48,17.8,21,0,7.4,126.3333333,46.66666667,21.33333333,16,0,6.333333333,,,,,,,56,41.2,16.4,22,0,5.8,172.6,115.6,11.2,33.2,0,13.2,123.4,50,16.2,19.6,0,7,,,,,,,117.3333333,68.93333333,14.6,24.93333333,0,8.666666667
11,24,96.4,65.8,10,30,0,12.4,86.66666667,59,8.333333333,28.66666667,0,8.666666667,,,,,,,69.4,41.8,18,19.4,0,5.4,178.2,125,11.6,33.4,0,13.2,91,42.8,14,18.6,0,5.4,,,,,,,112.8666667,69.86666667,14.53333333,23.8,0,8
11,25,140.2,110.6,13,33.6,0,15,118,75.33333333,11.33333333,32.66666667,0,11.66666667,,,,,,,64,36,18.4,16.4,0,4.4,177.2,129.6,9.4,33.6,0,13.8,76.6,49.8,9.6,23.6,0,6.8,,,,,,,105.9333333,71.8,12.46666667,24.53333333,0,8.333333333
11,26,173.2,110.4,15.4,28.2,0,13.6,153.3333333,100.3333333,16.66666667,21,0,7,,,,,,,53.6,36,16.6,17.4,0,4.6,173.6,137.4,9.4,34.2,0,14.6,96.8,48.6,11.8,23.8,0,7.2,,,,,,,108,74,12.6,25.13333333,0,8.8
11,27,148.6,116.4,8.2,35,0,18,102,85,10.66666667,27.66666667,0,10.33333333,,,,,,,56.2,36.8,16.2,18,0,4.6,179.8,136.8,11.8,31,0,13.4,110,41.2,15.8,19.4,0,6.2,,,,,,,115.3333333,71.6,14.6,22.8,0,8.066666667
11,28,174,94,7,32.8,0,18.8,122.3333333,65.33333333,9,25.66666667,0,8.666666667,,,,,,,60.4,40.2,15.2,18.4,0,6.6,160.4,122.8,8,36.2,0,17.2,95.4,41.4,15.8,18.8,0,6.2,,,,,,,105.4,68.13333333,13,24.46666667,0,10
11,29,160.4,147.8,15.6,34,0,21.6,109.3333333,61.33333333,17.66666667,25,0,9.333333333,,,,,,,73.2,41,14.6,20.6,0,7.8,183.4,134.6,11.4,32,0,15.8,96.8,36.4,20.2,17,0,5.4,,,,,,,117.8,70.66666667,15.4,23.2,0,9.666666667
11,30,192.4,104.6,15.4,34.2,0,23.2,133,80.33333333,16,28.66666667,0,10.66666667,,,,,,,83,46.2,14.2,20,0,7.8,180,126,14.4,28.4,0,13.8,84.4,29.6,24.8,14.6,0,4,,,,,,,115.8,67.26666667,17.8,21,0,8.533333333
12,1,192.4,77,11,32.4,0,14.4,136,98,10,37.33333333,0,16.66666667,,,,,,,84.4,51,15.2,21.8,0,8.4,162.8,118.2,13.4,26,0,12.2,66.4,32.8,24.8,15.6,0,4.2,,,,,,,104.5333333,67.33333333,17.8,21.13333333,0,8.266666667
12,2,139.2,101.2,19.2,23.4,0,12.4,165,93,24,18,0,7,,,,,,,91.6,50.6,19,18.6,0,7.4,147,98.4,14.2,19.2,0,9.4,57.4,39.8,21.8,19.8,0,5.4,,,,,,,98.66666667,62.93333333,18.33333333,19.2,0,7.4
12,3,122.8,77.8,19.4,21.2,0,10.4,95,36.66666667,24,12.66666667,0,3,,,,,,,81.8,48,20.6,16.8,0,5,114.4,77.2,17.4,11.8,0,5,73.2,47,19.8,23.6,0,6.4,,,,,,,89.8,57.4,19.26666667,17.4,0,5.466666667
12,4,104,49.4,18,24,0,8,44,53,15,22.66666667,0,6.666666667,,,,,,,68.4,46.6,20.8,17.4,0,4.6,73.4,48,17.6,11.4,0,4.4,92,59.4,14.8,26.8,0,8.6,,,,,,,77.93333333,51.33333333,17.73333333,18.53333333,0,5.866666667
12,5,91.6,69,12,31.6,0,14.2,86.66666667,48.33333333,17.33333333,19.66666667,0,6.666666667,,,,,,,63.6,50,17.6,24.2,0,6.6,54.2,48.2,15,14.4,0,5.2,121.8,78.2,10.2,31.4,0,11.8,,,,,,,79.86666667,58.8,14.26666667,23.33333333,0,7.866666667
12,6,125.6,69.8,12.8,27.8,0,15,83,40,18.33333333,14.66666667,0,4.666666667,,,,,,,79.2,52,18.4,26,0,7.8,64.8,45.6,15.8,15,0,5.4,158.6,88.6,10,32.6,0,13.4,,,,,,,100.8666667,62.06666667,14.73333333,24.53333333,0,8.866666667
12,7,127,87.8,12.4,28,0,17.2,66.66666667,60.66666667,11,23,0,8.666666667,,,,,,,83.2,53.2,14.2,30.8,0,9.4,69.2,49.2,15.6,16.8,0,5.6,174.2,79.4,12.8,29.4,0,12.2,,,,,,,108.8666667,60.6,14.2,25.66666667,0,9.066666667
12,8,113.75,65.5,11.5,29.5,0,9.75,106.3333333,77.33333333,7.666666667,33,0,11.33333333,,,,,,,94.6,51.8,17.2,27.8,0,9,76.8,51.2,13.8,21,0,6.4,155.4,74.4,13.6,27.8,0,12,,,,,,,108.9333333,59.13333333,14.86666667,25.53333333,0,9.133333333
12,9,126.25,64,16.25,24,0,9.75,145.3333333,67,18.66666667,21.33333333,0,9,,,,,,,87.4,52.6,16,27.6,0,8.8,88.4,51.2,13.6,22.2,0,6.6,141,63,18.2,24.4,0,10.6,,,,,,,105.6,55.6,15.93333333,24.73333333,0,8.666666667
12,10,122.2,58,18.2,23.2,0,12,111,29.33333333,22.33333333,12.33333333,0,3.333333333,,,,,,,93.4,47.6,18.2,24.2,0,7.4,91,51.2,13.4,23,0,7,115,43.2,20.8,20.8,0,7.6,,,,,,,99.8,47.33333333,17.46666667,22.66666667,0,7.333333333
12,11,100.2,75,10.4,31.2,0,14.8,47,35,13.66666667,20.66666667,0,6,,,,,,,83.8,49,14.8,24,0,7.2,92.4,55.4,12.4,25.2,0,8.2,79.8,38.4,16.8,22.2,0,7.2,,,,,,,85.33333333,47.6,14.66666667,23.8,0,7.533333333
12,12,137,62.8,16,28.2,0,14,66.33333333,43,17.66666667,20.33333333,0,6.666666667,,,,,,,94.2,56,16.2,24,0,8.6,98,62.4,13.4,28.4,0,10,78,46.8,12.4,26,0,9.2,,,,,,,90.06666667,55.06666667,14,26.13333333,0,9.266666667
12,13,77.5,45.5,12,27,0,9.25,74.33333333,50,10,29,0,10.33333333,,,,,,,109.6,70.4,14.4,31,0,13.4,107.8,61.6,15.6,27.2,0,9.8,102.6,43.6,13.8,22.8,0,8.4,,,,,,,106.6666667,58.53333333,14.6,27,0,10.53333333
12,14,120.4,50.4,15.4,24.6,0,9.8,110.3333333,67.33333333,9.333333333,31,0,12.33333333,,,,,,,145.2,78.8,14.4,33.2,0,16.2,110.6,65.2,15.6,29.6,0,10.6,98.6,39.6,12,22.6,0,7.6,,,,,,,118.1333333,61.2,14,28.46666667,0,11.46666667
12,15,102.4,60.4,14,25.6,0,10.8,133.6666667,63.66666667,16,23,0,9.666666667,,,,,,,161,81.6,13.8,33.2,0,16.4,119.6,64.8,16,29.6,0,10.4,95,39.6,13,20,0,7.6,,,,,,,125.2,62,14.26666667,27.6,0,11.46666667
12,16,106.4,63.8,15.8,26.8,0,12,106.6666667,36.33333333,21.33333333,16.33333333,0,5.333333333,,,,,,,165.2,78.2,15.6,31,0,16,114.2,61.2,16,28.8,0,9.6,93.2,33.4,15,18.6,0,6,,,,,,,124.2,57.6,15.53333333,26.13333333,0,10.53333333
12,17,124.8,69,16.2,30.2,0,14.2,76.33333333,41.66666667,21,18.66666667,0,5,,,,,,,154.2,69.6,16.8,27.8,0,14,105,62,14.6,29.4,0,9.4,77,32.6,16.2,18.2,0,5.2,,,,,,,112.0666667,54.73333333,15.86666667,25.13333333,0,9.533333333
12,18,127.6,79.4,10.6,36.4,0,18.2,67,45,15,21.66666667,0,6,,,,,,,135.4,51,17.2,20.8,0,9.2,109.6,67.6,14.4,30.2,0,9.8,71,42.6,13,24.2,0,7.2,,,,,,,105.3333333,53.73333333,14.86666667,25.06666667,0,8.733333333
12,19,143.6,118.4,10.2,39.8,0,26.8,76,48.66666667,13,28.33333333,0,7.666666667,,,,,,,97.6,38.8,16.8,17.8,0,6.2,109.6,66.8,14.6,26.6,0,9,93.4,46.6,13.4,24.4,0,8.2,,,,,,,100.2,50.73333333,14.93333333,22.93333333,0,7.8
12,20,187.2,137.2,8.4,44.6,0,28.2,83.33333333,69.33333333,10.33333333,34.66666667,0,11.33333333,,,,,,,73.4,38.4,17.2,18.8,0,6.8,99.6,71.2,13.6,26.8,0,9.4,102.2,54.4,10.8,27.4,0,9.8,,,,,,,91.73333333,54.66666667,13.86666667,24.33333333,0,8.666666667
12,21,219.4,120.8,16.4,35.6,0,20.4,130.3333333,65.66666667,17,30.66666667,0,11.33333333,,,,,,,73.4,33,18.6,18.4,0,5.6,107.2,69.8,17.2,23.2,0,8.6,124.6,57.6,12.2,26.2,0,10.8,,,,,,,101.7333333,53.46666667,16,22.6,0,8.333333333
12,22,173.4,78.2,15,30.4,0,14.6,120.3333333,49,15,21,0,8,,,,,,,61.6,35.2,19.2,20,0,5.8,99,57,17.8,18.8,0,7.2,137.4,54.8,15,23,0,9.6,,,,,,,99.33333333,49,17.33333333,20.6,0,7.533333333
12,23,130.4,78.8,12.8,30,0,13.4,84,63,14,22,0,8.666666667,,,,,,,66,40,19.8,19.2,0,5.4,76.6,53.2,17.6,15,0,6.4,123.6,55.6,14.8,22.2,0,8.8,,,,,,,88.73333333,49.6,17.4,18.8,0,6.866666667
12,24,138.6,137.2,13.4,38.8,0,23.8,114,53,19.33333333,20,0,7.666666667,,,,,,,67.6,41.4,21.6,17,0,5.2,63.4,51.6,17.2,14.8,0,6.4,115.6,63.2,12,25,0,9.8,,,,,,,82.2,52.06666667,16.93333333,18.93333333,0,7.133333333
12,25,208.4,86.8,17,27.6,0,13.2,101,35,19.66666667,16.33333333,0,4.666666667,,,,,,,64.2,36.4,23.2,12.4,0,3.8,62.2,41.6,20.2,11,0,5,124.4,66.6,14.2,26.2,0,10.4,,,,,,,83.6,48.2,19.2,16.53333333,0,6.4
12,26,118.4,61.8,12.4,24.8,0,8.8,54,63,10.66666667,22.66666667,0,8.333333333,,,,,,,51.8,36.2,23.6,11,0,3.8,45,33.8,19.4,10.6,0,4.2,110.2,69.2,11.2,28.4,0,10.6,,,,,,,69,46.4,18.06666667,16.66666667,0,6.2
12,27,103,72,13.2,27.8,0,13.4,102.3333333,70.66666667,12,25.33333333,0,12,,,,,,,50.6,36.8,20.8,13.8,0,4.4,51.2,39.6,17.6,13.6,0,5.2,111,71,8.8,32.2,0,12.2,,,,,,,70.93333333,49.13333333,15.73333333,19.86666667,0,7.266666667
12,28,133.8,106.4,16.2,37.6,0,21.2,122.3333333,76,19.66666667,29.33333333,0,15.33333333,,,,,,,52.2,42.6,17.2,21.2,0,7.2,68.2,49.8,14.4,21.4,0,8.8,123.6,65.4,12.2,31.2,0,12.2,,,,,,,81.33333333,52.6,14.6,24.6,0,9.4
12,29,183.75,123.25,18.25,33.5,0,20.25,135,55.5,17,24.5,0,11.5,,,,,,,74.6,54.2,16.4,27.2,0,9.8,102.2,50,15.8,22.2,0,9.4,119.8,61,12.4,30.8,0,11.8,,,,,,,98.86666667,55.06666667,14.86666667,26.73333333,0,10.33333333
12,30,214.6666667,151.6666667,12,41.66666667,0,24.66666667,169,52,15,23,0,6,,,,,,,105,58.2,14.8,31.2,0,11,107.8,50.2,16.4,22.8,0,10,119.8,48.8,10.8,29.6,0,10.6,,,,,,,110.8666667,52.4,14,27.86666667,0,10.53333333
12,31,234,237.5,9,40,0,36,89,50,14,21,0,10,,,,,,,116.8,76,15,33,0,11.2,110.6,59.4,14.4,26.4,0,11.6,131,39.8,14.6,25.6,0,9,,,,,,,119.4666667,58.4,14.66666667,28.33333333,0,10.6
